,0
0,0.98917496
1,1.4116329
2,1.8228468
3,3.94492
4,3.94492
5,1.6150695
6,3.94492
7,2.0132997
8,2.0851798
9,1.0731828
10,0.021020211
11,0.62160933
12,0.59977365
13,0.54596037
14,3.94492
15,0.4206508
16,2.9551597
17,1.0742276
18,0.24501197
19,3.6654804
20,0.3619275
21,0.90711063
22,-1.2061025
23,3.94492
24,3.94492
25,3.3788257
26,1.2243896
27,3.94492
28,-0.1371452
29,1.0379608
30,3.94492
31,1.6803203
32,1.2332666
33,-0.07287127
34,0.14647469
35,1.6720005
36,-0.28161415
37,1.588737
38,3.94492
39,1.4691155
40,-0.020689024
41,2.6665294
42,3.94492
43,2.6831405
44,3.94492
45,0.89302546
46,-1.3384933
47,0.049949486
48,1.3542949
49,0.26386446
50,3.94492
51,3.94492
52,3.94492
53,1.4439024
54,3.94492
55,3.94492
56,3.6277113
57,1.4426526
58,-0.006162191
59,0.14137048
60,-0.50542563
61,0.44394737
62,3.94492
63,3.94492
64,-0.3675688
65,3.94492
66,1.190255
67,3.1379743
68,0.9437576
69,0.3326803
70,3.636415
71,0.38714996
72,1.8592383
73,3.94492
74,3.94492
75,3.94492
76,1.8925929
77,1.4050689
78,3.94492
79,3.94492
80,2.5459058
81,0.38517448
82,-0.89019287
83,0.9863221
84,-0.12271972
85,1.4380354
86,3.2177737
87,3.94492
88,-0.30994672
89,3.8422124
90,-0.7197397
91,0.5186501
92,-1.2408859
93,3.7231178
94,1.0621643
95,0.05974149
96,-0.2604348
97,3.94492
98,3.94492
99,3.94492
100,3.94492
101,0.29287675
102,3.94492
103,3.94492
104,0.69968146
105,-0.17423674
106,-1.0427959
107,0.8910314
108,-0.5080145
109,0.4062124
110,3.94492
111,3.94492
112,3.94492
113,1.0580565
114,0.30629322
115,3.94492
116,-0.3145966
117,2.8700943
118,-0.954631
119,-0.49332413
120,0.57415026
121,3.4023786
122,3.94492
123,3.94492
124,3.94492
125,0.24974427
126,3.94492
127,3.94492
128,1.3685492
129,1.6270602
130,3.2513182
131,0.9078942
132,1.0393114
133,0.85473925
134,3.94492
135,3.94492
136,-0.99001163
137,2.2012563
138,-1.1260263
139,3.94492
140,3.94492
141,0.119857736
142,3.0360336
143,1.0124595
144,0.48939848
145,0.48289374
146,3.94492
147,3.94492
148,3.94492
149,0.021756466
150,3.94492
151,3.94492
152,0.32701224
153,0.6459354
154,-0.16376942
155,-0.66266567
156,0.21935543
157,0.3515224
158,3.7047038
159,3.94492
160,-0.41966483
161,3.94492
162,0.6074188
163,2.9624498
164,0.5428474
165,0.24849781
166,-0.120831415
167,0.2329932
168,0.98917496
169,1.4116329
170,1.8228468
171,3.94492
172,3.94492
173,1.6150695
174,3.94492
175,2.0132997
176,2.0851798
177,1.0731828
178,0.021020211
179,0.62160933
180,0.59977365
181,0.54596037
182,3.94492
183,0.4206508
184,2.9551597
185,1.0742276
186,0.24501197
187,3.6654804
188,0.3619275
189,0.90711063
190,-1.2061063
191,3.94492
192,3.94492
193,3.3788257
194,1.2243896
195,3.94492
196,-0.1371452
197,1.0379608
198,3.94492
199,1.6803266
200,1.2332666
201,-0.07287127
202,0.14647469
203,1.6720005
204,-0.28161415
205,1.588737
206,3.94492
207,1.4691155
208,-0.020689024
209,2.6665294
210,3.94492
211,2.6831405
212,3.94492
213,0.89302546
214,-1.3384933
215,0.049949486
216,1.3542949
217,0.26386446
218,3.94492
219,3.94492
220,3.94492
221,1.4439024
222,3.94492
223,3.94492
224,3.6277113
225,1.4426526
226,-0.006162191
227,0.14137048
228,-0.50542563
229,0.44394737
230,3.94492
231,3.94492
232,-0.3675688
233,3.94492
234,1.190255
235,3.1379743
236,0.9437576
237,0.3326803
238,3.636415
239,0.38714996
240,1.8592383
241,3.94492
242,3.94492
243,3.94492
244,1.8925929
245,1.4050689
246,3.94492
247,3.94492
248,2.5459058
249,0.38517448
250,-0.89019287
251,0.9863221
252,-0.12271972
253,1.4380354
254,3.217773
255,3.94492
256,-0.30994672
257,3.8422124
258,-0.7197397
259,0.5186501
260,-1.2408859
261,3.7231178
262,1.0621624
263,0.059740227
264,-0.2604348
265,3.94492
266,3.94492
267,3.94492
268,3.94492
269,0.29287675
270,3.94492
271,3.94492
272,0.69968146
273,-0.17423674
274,-1.0427959
275,0.8910314
276,-0.5080145
277,0.4062124
278,3.94492
279,3.94492
280,3.94492
281,1.0580565
282,0.30629322
283,3.94492
284,-0.3145966
285,2.8700943
286,-0.9546303
287,-0.49332446
288,0.57415026
289,3.4023786
290,3.94492
291,3.94492
292,3.94492
293,0.24974427
294,3.94492
295,3.94492
296,1.3685492
297,1.6270602
298,3.2513182
299,0.9078942
300,1.0393114
301,0.85473925
302,3.94492
303,3.94492
304,-0.99001163
305,2.2012563
306,-1.1260263
307,3.94492
308,3.94492
309,0.119857736
310,3.0360336
311,1.0124595
312,0.48939848
313,0.48289374
314,3.94492
315,3.94492
316,3.94492
317,0.021756466
318,3.94492
319,3.94492
320,0.32701224
321,0.6459354
322,-0.16376942
323,-0.66266567
324,0.21935543
325,0.3515224
326,3.7047043
327,3.94492
328,-0.41966483
329,3.94492
330,0.6074188
331,2.9624498
332,0.5428474
333,0.24849781
334,-0.120831415
335,0.2329932
336,0.98917496
337,1.4116329
338,1.8228468
339,3.94492
340,3.94492
341,1.6150695
342,3.94492
343,2.0132997
344,2.0851798
345,1.0731828
346,0.021020211
347,0.62160933
348,0.59977365
349,0.54596037
350,3.94492
351,0.42064798
352,2.9551597
353,1.0742276
354,0.24501197
355,3.6654804
356,0.3619275
357,0.90711063
358,-1.2061025
359,3.94492
360,3.94492
361,3.3788257
362,1.2243896
363,3.94492
364,-0.1371452
365,1.0379608
366,3.94492
367,1.6803266
368,1.2332666
369,-0.07287127
370,0.14647469
371,1.6720005
372,-0.28161415
373,1.588737
374,3.94492
375,1.4691155
376,-0.020689024
377,2.6665294
378,3.94492
379,2.6831405
380,3.94492
381,0.89302546
382,-1.338492
383,0.049948853
384,1.3542949
385,0.26386446
386,3.94492
387,3.94492
388,3.94492
389,1.4439024
390,3.94492
391,3.94492
392,3.6277113
393,1.4426526
394,-0.006162191
395,0.14137048
396,-0.50542563
397,0.44394737
398,3.94492
399,3.94492
400,-0.3675688
401,3.94492
402,1.190255
403,3.1379743
404,0.9437576
405,0.3326803
406,3.636415
407,0.38714996
408,1.8592383
409,3.94492
410,3.94492
411,3.94492
412,1.8925929
413,1.4050689
414,3.94492
415,3.94492
416,2.5459058
417,0.38517448
418,-0.89019287
419,0.9863221
420,-0.12271972
421,1.4380354
422,3.2177737
423,3.94492
424,-0.30994672
425,3.8422124
426,-0.7197397
427,0.5186501
428,-1.2408859
429,3.7231178
430,1.0621624
431,0.059740227
432,-0.2604348
433,3.94492
434,3.94492
435,3.94492
436,3.94492
437,0.29287675
438,3.94492
439,3.94492
440,0.69968146
441,-0.17423674
442,-1.0427959
443,0.8910314
444,-0.5080145
445,0.4062124
446,3.94492
447,3.94492
448,3.94492
449,1.0580565
450,0.30629322
451,3.94492
452,-0.3145966
453,2.8700943
454,-0.954631
455,-0.49332413
456,0.57415026
457,3.4023786
458,3.94492
459,3.94492
460,3.94492
461,0.24974427
462,3.94492
463,3.94492
464,1.3685492
465,1.6270602
466,3.2513182
467,0.9078942
468,1.0393114
469,0.85473925
470,3.94492
471,3.94492
472,-0.99001163
473,2.2012563
474,-1.1260263
475,3.94492
476,3.94492
477,0.119857736
478,3.0360358
479,1.0124599
480,0.48939848
481,0.48289374
482,3.94492
483,3.94492
484,3.94492
485,0.021756466
486,3.94492
487,3.94492
488,0.32701224
489,0.6459354
490,-0.16376942
491,-0.66266567
492,0.21935543
493,0.3515224
494,3.7047043
495,3.94492
496,-0.41966483
497,3.94492
498,0.6074188
499,2.9624498
500,0.5428474
501,0.24849781
502,-0.120831415
503,0.2329932
504,0.98917496
505,1.4116329
506,1.8228468
507,3.94492
508,3.94492
509,1.6150695
510,3.94492
511,2.0133038
512,2.0851798
513,1.0731828
514,0.021020211
515,0.62160933
516,0.59977365
517,0.54596037
518,3.94492
519,0.4206508
520,2.9551597
521,1.0742276
522,0.24501197
523,3.6654804
524,0.3619275
525,0.90711063
526,-1.2061025
527,3.94492
528,3.94492
529,3.3788257
530,1.2243896
531,3.94492
532,-0.1371452
533,1.0379608
534,3.94492
535,1.6803266
536,1.2332666
537,-0.07287127
538,0.14647469
539,1.6720005
540,-0.28161415
541,1.588737
542,3.94492
543,1.469109
544,-0.020689024
545,2.6665294
546,3.94492
547,2.6831405
548,3.94492
549,0.89302546
550,-1.3384933
551,0.049949486
552,1.3542949
553,0.26386446
554,3.94492
555,3.94492
556,3.94492
557,1.4439024
558,3.94492
559,3.94492
560,3.6277113
561,1.4426526
562,-0.006162191
563,0.14137048
564,-0.50542563
565,0.44394737
566,3.94492
567,3.94492
568,-0.3675688
569,3.94492
570,1.190255
571,3.1379743
572,0.9437576
573,0.3326803
574,3.6364162
575,0.3871506
576,1.8592383
577,3.94492
578,3.94492
579,3.94492
580,1.8925929
581,1.4050689
582,3.94492
583,3.94492
584,2.5459058
585,0.38517448
586,-0.89019287
587,0.9863221
588,-0.12271972
589,1.4380354
590,3.2177737
591,3.94492
592,-0.30994672
593,3.8422124
594,-0.7197397
595,0.5186501
596,-1.2408859
597,3.7231178
598,1.0621624
599,0.059740227
600,-0.2604348
601,3.94492
602,3.94492
603,3.94492
604,3.94492
605,0.29287675
606,3.94492
607,3.94492
608,0.69968146
609,-0.17423674
610,-1.0427959
611,0.8910314
612,-0.5080145
613,0.4062124
614,3.94492
615,3.94492
616,3.94492
617,1.0580565
618,0.30629322
619,3.94492
620,-0.3145966
621,2.8700943
622,-0.954631
623,-0.49332413
624,0.57415026
625,3.4023786
626,3.94492
627,3.94492
628,3.94492
629,0.24974427
630,3.94492
631,3.94492
632,1.3685492
633,1.6270602
634,3.2513182
635,0.9078942
636,1.0393114
637,0.85473925
638,3.94492
639,3.94492
640,-0.99001163
641,2.2012563
642,-1.1260263
643,3.94492
644,3.94492
645,0.119857736
646,3.0360336
647,1.0124595
648,0.48939848
649,0.48289374
650,3.94492
651,3.94492
652,3.94492
653,0.021756466
654,3.94492
655,3.94492
656,0.32701224
657,0.6459354
658,-0.16376942
659,-0.66266567
660,0.21935543
661,0.3515224
662,3.7047043
663,3.94492
664,-0.41966483
665,3.94492
666,0.6074188
667,2.9624498
668,0.5428474
669,0.24849781
670,-0.12083204
671,0.23299447
672,97.24196
673,85.740776
674,67.48894
675,65.04834
676,58.31366
677,56.37226
678,47.525497
679,30.439978
680,20.430231
681,11.630656
682,5.036121
683,7.6680145
684,6.4964056
685,11.82202
686,19.074387
687,43.229
688,77.28102
689,101.630165
690,96.09174
691,99.706985
692,96.8651
693,123.235825
694,108.94342
695,100.00936
696,104.07738
697,92.37382
698,72.521706
699,70.82064
700,63.75948
701,62.2378
702,49.034885
703,40.285446
704,21.089746
705,15.36927
706,7.597542
707,7.0560575
708,7.0135965
709,13.15799
710,18.862705
711,46.285664
712,74.68338
713,103.13413
714,94.51702
715,96.596245
716,102.89336
717,123.09448
718,105.5674
719,100.46929
720,95.85483
721,88.4734
722,69.6258
723,66.71462
724,60.888386
725,57.14087
726,54.240166
727,38.296932
728,22.914625
729,14.9164
730,10.033793
731,7.6337137
732,7.9640574
733,13.394199
734,16.256641
735,39.177105
736,71.39937
737,95.73751
738,90.672585
739,92.57245
740,95.725105
741,108.628494
742,94.43091
743,91.20403
744,90.370804
745,74.52967
746,54.41817
747,57.191586
748,54.325253
749,49.92342
750,42.300102
751,37.779785
752,24.454624
753,15.478988
754,8.934119
755,7.2593007
756,7.5519714
757,11.125466
758,15.476007
759,20.381155
760,33.337814
761,48.874935
762,45.380135
763,51.794014
764,50.920353
765,50.011494
766,46.39504
767,40.825165
768,43.979378
769,44.368717
770,34.792717
771,36.921043
772,30.2784
773,29.602844
774,27.552217
775,21.496946
776,16.956392
777,11.895637
778,7.4955287
779,5.6219134
780,6.2357645
781,9.13058
782,12.206504
783,13.391142
784,20.154818
785,28.197037
786,28.550901
787,37.711086
788,36.93352
789,41.281235
790,33.009293
791,28.34836
792,31.617886
793,34.367546
794,29.532837
795,23.776653
796,22.100544
797,23.557407
798,18.152578
799,13.489344
800,12.750677
801,6.9655046
802,5.094175
803,4.2044234
804,5.0430574
805,9.959876
806,14.465447
807,36.46774
808,62.47629
809,82.47815
810,76.1264
811,71.05433
812,73.91624
813,94.37383
814,83.31055
815,77.181656
816,83.121
817,75.47478
818,60.67107
819,62.87593
820,54.879982
821,49.158363
822,41.234444
823,29.506699
824,18.903248
825,10.895654
826,6.613594
827,6.2696753
828,5.9082932
829,11.490513
830,16.079704
831,38.79069
832,66.08262
833,90.532364
834,87.33796
835,88.53764
836,90.744316
837,114.575485
838,93.04671
839,92.70366
840,97.24196
841,85.740776
842,67.48894
843,65.04834
844,58.31366
845,56.37226
846,47.525497
847,30.439978
848,20.430231
849,11.630656
850,5.036121
851,7.6680145
852,6.4964056
853,11.82202
854,19.074387
855,43.229
856,77.28102
857,101.630165
858,96.09174
859,99.706985
860,96.8651
861,123.235825
862,108.94342
863,100.00936
864,104.07738
865,92.37382
866,72.521706
867,70.82064
868,63.75948
869,62.2378
870,49.03489
871,40.285446
872,21.089746
873,15.36927
874,7.597542
875,7.0560575
876,7.0135965
877,13.15799
878,18.862705
879,46.285664
880,74.68338
881,103.13413
882,94.51702
883,96.596245
884,102.89336
885,123.09448
886,105.5674
887,100.46929
888,95.85483
889,88.4734
890,69.6258
891,66.71462
892,60.888386
893,57.14087
894,54.240166
895,38.29693
896,22.914625
897,14.9164
898,10.033793
899,7.6337137
900,7.9640574
901,13.394199
902,16.256641
903,39.177105
904,71.39937
905,95.73751
906,90.672585
907,92.57245
908,95.725105
909,108.628494
910,94.43091
911,91.20403
912,90.370804
913,74.52967
914,54.41817
915,57.191586
916,54.325253
917,49.92342
918,42.300102
919,37.779785
920,24.454624
921,15.478988
922,8.934119
923,7.2593007
924,7.5519714
925,11.125466
926,15.476007
927,20.381157
928,33.337814
929,48.874935
930,45.380135
931,51.794014
932,50.920353
933,50.011494
934,46.39504
935,40.825165
936,43.979378
937,44.368717
938,34.792717
939,36.921043
940,30.2784
941,29.602844
942,27.552217
943,21.496946
944,16.956392
945,11.895637
946,7.4955287
947,5.6219134
948,6.2357645
949,9.13058
950,12.206504
951,13.391142
952,20.154818
953,28.197037
954,28.550901
955,37.711086
956,36.93352
957,41.281235
958,33.009293
959,28.348356
960,31.617886
961,34.367546
962,29.532837
963,23.776653
964,22.100544
965,23.557407
966,18.15258
967,13.489345
968,12.750677
969,6.9655046
970,5.094175
971,4.2044234
972,5.0430574
973,9.959876
974,14.465447
975,36.46774
976,62.47629
977,82.47815
978,76.1264
979,71.05433
980,73.91624
981,94.37383
982,83.31055
983,77.181656
984,83.121
985,75.47478
986,60.67107
987,62.87593
988,54.879982
989,49.158363
990,41.23444
991,29.506712
992,18.903248
993,10.895654
994,6.613594
995,6.2696753
996,5.9082932
997,11.490513
998,16.079704
999,38.7907
1000,66.08262
1001,90.532364
1002,87.33796
1003,88.53764
1004,90.744316
1005,114.575485
1006,93.04671
1007,92.70366
1008,97.24196
1009,85.740776
1010,67.48894
1011,65.04834
1012,58.31366
1013,56.37226
1014,47.525497
1015,30.439978
1016,20.430231
1017,11.630656
1018,5.036121
1019,7.6680145
1020,6.4964056
1021,11.82202
1022,19.074387
1023,43.22901
1024,77.28102
1025,101.630165
1026,96.09174
1027,99.706985
1028,96.8651
1029,123.235825
1030,108.94342
1031,100.00936
1032,104.07738
1033,92.37382
1034,72.521706
1035,70.82064
1036,63.75948
1037,62.2378
1038,49.03489
1039,40.285446
1040,21.089746
1041,15.36927
1042,7.597542
1043,7.0560575
1044,7.0135965
1045,13.15799
1046,18.862705
1047,46.285664
1048,74.68338
1049,103.13413
1050,94.51702
1051,96.596245
1052,102.89336
1053,123.09448
1054,105.567406
1055,100.46928
1056,95.85483
1057,88.4734
1058,69.6258
1059,66.71462
1060,60.888386
1061,57.14087
1062,54.240166
1063,38.296932
1064,22.914625
1065,14.9164
1066,10.033793
1067,7.6337137
1068,7.9640574
1069,13.394199
1070,16.256641
1071,39.177105
1072,71.39937
1073,95.73751
1074,90.672585
1075,92.57245
1076,95.725105
1077,108.628494
1078,94.43091
1079,91.20403
1080,90.370804
1081,74.52967
1082,54.41817
1083,57.191586
1084,54.325253
1085,49.92342
1086,42.300114
1087,37.77978
1088,24.454624
1089,15.478988
1090,8.934119
1091,7.2593007
1092,7.5519714
1093,11.125466
1094,15.476007
1095,20.381155
1096,33.337814
1097,48.874935
1098,45.380135
1099,51.794014
1100,50.920353
1101,50.011494
1102,46.39504
1103,40.825165
1104,43.979378
1105,44.368717
1106,34.792717
1107,36.921043
1108,30.2784
1109,29.602844
1110,27.552217
1111,21.496946
1112,16.956392
1113,11.895637
1114,7.4955287
1115,5.6219134
1116,6.2357645
1117,9.13058
1118,12.206504
1119,13.391141
1120,20.154818
1121,28.197037
1122,28.550901
1123,37.711086
1124,36.93352
1125,41.281235
1126,33.009293
1127,28.34836
1128,31.617886
1129,34.367546
1130,29.532837
1131,23.776653
1132,22.100544
1133,23.557407
1134,18.15258
1135,13.489345
1136,12.750677
1137,6.9655046
1138,5.094175
1139,4.2044234
1140,5.0430574
1141,9.959876
1142,14.465447
1143,36.46774
1144,62.47629
1145,82.47815
1146,76.1264
1147,71.05433
1148,73.91624
1149,94.37383
1150,83.31054
1151,77.18166
1152,83.121
1153,75.47478
1154,60.67107
1155,62.87593
1156,54.879982
1157,49.158363
1158,41.234444
1159,29.506699
1160,18.903248
1161,10.895654
1162,6.613594
1163,6.2696753
1164,5.9082932
1165,11.490513
1166,16.079704
1167,38.7907
1168,66.08262
1169,90.532364
1170,87.33796
1171,88.53764
1172,90.744316
1173,114.575485
1174,93.04671
1175,92.70366
1176,97.24196
1177,85.740776
1178,67.48894
1179,65.04834
1180,58.31366
1181,56.37226
1182,47.525494
1183,30.43997
1184,20.430231
1185,11.630656
1186,5.036121
1187,7.6680145
1188,6.4964056
1189,11.82202
1190,19.074387
1191,43.229
1192,77.28102
1193,101.630165
1194,96.09174
1195,99.706985
1196,96.8651
1197,123.235825
1198,108.94342
1199,100.00936
1200,104.07738
1201,92.37382
1202,72.521706
1203,70.82064
1204,63.75948
1205,62.2378
1206,49.03489
1207,40.285446
1208,21.089746
1209,15.36927
1210,7.597542
1211,7.0560575
1212,7.0135965
1213,13.15799
1214,18.862705
1215,46.28566
1216,74.68338
1217,103.13413
1218,94.51702
1219,96.596245
1220,102.89336
1221,123.09448
1222,105.5674
1223,100.46929
1224,95.85483
1225,88.4734
1226,69.6258
1227,66.71462
1228,60.888386
1229,57.14087
1230,54.240166
1231,38.296932
1232,22.914625
1233,14.9164
1234,10.033793
1235,7.6337137
1236,7.9640574
1237,13.394199
1238,16.256641
1239,39.177105
1240,71.39937
1241,95.73751
1242,90.672585
1243,92.57245
1244,95.725105
1245,108.628494
1246,94.430916
1247,91.20404
1248,90.370804
1249,74.52967
1250,54.41817
1251,57.191586
1252,54.325253
1253,49.92342
1254,42.300102
1255,37.779785
1256,24.454624
1257,15.478988
1258,8.934119
1259,7.2593007
1260,7.5519714
1261,11.125466
1262,15.476007
1263,20.381155
1264,33.337814
1265,48.874935
1266,45.380135
1267,51.794014
1268,50.920353
1269,50.011494
1270,46.39504
1271,40.825165
1272,43.979378
1273,44.368717
1274,34.792717
1275,36.921043
1276,30.2784
1277,29.602844
1278,27.55222
1279,21.496946
1280,16.956392
1281,11.895637
1282,7.4955287
1283,5.6219134
1284,6.2357645
1285,9.13058
1286,12.206504
1287,13.391142
1288,20.154818
1289,28.197037
1290,28.550901
1291,37.711086
1292,36.93352
1293,41.281235
1294,33.009293
1295,28.34836
1296,31.617886
1297,34.367546
1298,29.532837
1299,23.776653
1300,22.100544
1301,23.557407
1302,18.15258
1303,13.489345
1304,12.750677
1305,6.9655046
1306,5.094175
1307,4.2044234
1308,5.0430574
1309,9.959876
1310,14.465448
1311,36.467735
1312,62.47629
1313,82.47815
1314,76.1264
1315,71.05433
1316,73.91624
1317,94.37383
1318,83.31055
1319,77.181656
1320,83.121
1321,75.47478
1322,60.67107
1323,62.87593
1324,54.879982
1325,49.158363
1326,41.234444
1327,29.506699
1328,18.903248
1329,10.895654
1330,6.613594
1331,6.2696753
1332,5.9082932
1333,11.490513
1334,16.079704
1335,38.7907
1336,66.08262
1337,90.532364
1338,87.33796
1339,88.53764
1340,90.744316
1341,114.575485
1342,93.046715
1343,92.70366
1344,105.458
1345,101.93625
1346,75.304405
1347,72.57354
1348,62.5434
1349,53.59174
1350,45.35647
1351,31.212492
1352,21.273434
1353,11.407965
1354,7.454248
1355,7.0432024
1356,5.0694847
1357,9.227229
1358,14.378427
1359,25.80924
1360,46.94772
1361,85.66274
1362,87.9143
1363,103.39667
1364,103.873146
1365,128.38779
1366,118.77326
1367,115.43325
1368,113.028755
1369,104.326004
1370,77.965836
1371,75.39698
1372,68.099655
1373,56.7486
1374,53.719616
1375,38.22788
1376,21.235994
1377,12.373706
1378,8.198413
1379,7.0668807
1380,5.4928875
1381,11.080479
1382,15.519174
1383,25.317442
1384,49.923462
1385,84.241585
1386,85.54344
1387,102.4643
1388,108.64308
1389,128.32884
1390,113.65977
1391,113.66757
1392,109.8832
1393,103.61894
1394,76.52466
1395,74.777336
1396,65.24101
1397,52.514877
1398,46.768097
1399,32.79561
1400,18.011656
1401,12.553222
1402,9.178032
1403,5.679479
1404,5.7941647
1405,10.047738
1406,11.583213
1407,22.997198
1408,43.634167
1409,73.90155
1410,84.037346
1411,99.9495
1412,103.14852
1413,108.78424
1414,102.88756
1415,102.95424
1416,88.60738
1417,79.72497
1418,51.92722
1419,58.092663
1420,51.70328
1421,46.606693
1422,40.846844
1423,31.516823
1424,19.265366
1425,11.841667
1426,8.409471
1427,4.719068
1428,6.414995
1429,6.935107
1430,10.369078
1431,13.710461
1432,19.338228
1433,23.917473
1434,25.95354
1435,36.13195
1436,40.487377
1437,37.969204
1438,36.950333
1439,34.99677
1440,32.608635
1441,38.83338
1442,26.566996
1443,28.110584
1444,21.080807
1445,17.959965
1446,17.042496
1447,14.981943
1448,11.70135
1449,7.683049
1450,6.7588353
1451,3.9568374
1452,3.94492
1453,5.6571703
1454,6.740651
1455,5.398785
1456,12.385775
1457,17.058554
1458,17.37549
1459,24.107115
1460,23.105993
1461,23.385078
1462,19.892542
1463,22.443499
1464,30.605274
1465,28.94811
1466,24.51171
1467,23.72992
1468,18.0323
1469,19.289574
1470,13.7664795
1471,12.51543
1472,8.980727
1473,4.732089
1474,4.445344
1475,3.94492
1476,3.94492
1477,6.57794
1478,10.601392
1479,21.58301
1480,34.482517
1481,63.912033
1482,63.953835
1483,72.082306
1484,77.476814
1485,95.20567
1486,85.99765
1487,83.77292
1488,93.29246
1489,93.764755
1490,71.049805
1491,67.74975
1492,59.080704
1493,45.802616
1494,43.690193
1495,26.573292
1496,16.229929
1497,8.446046
1498,6.8955364
1499,4.2585936
1500,4.1939225
1501,6.976941
1502,12.264965
1503,21.05073
1504,41.40321
1505,75.1222
1506,76.38641
1507,88.59604
1508,96.49568
1509,118.037895
1510,102.559525
1511,107.97362
1512,105.458
1513,101.93625
1514,75.304405
1515,72.57354
1516,62.5434
1517,53.59174
1518,45.35647
1519,31.212492
1520,21.273434
1521,11.407965
1522,7.454248
1523,7.0432024
1524,5.0694847
1525,9.227229
1526,14.378427
1527,25.80924
1528,46.94772
1529,85.66274
1530,87.9143
1531,103.39667
1532,103.873146
1533,128.38779
1534,118.77328
1535,115.43325
1536,113.028755
1537,104.326004
1538,77.965836
1539,75.39698
1540,68.099655
1541,56.7486
1542,53.71962
1543,38.22788
1544,21.235994
1545,12.373706
1546,8.198413
1547,7.0668807
1548,5.4928875
1549,11.080479
1550,15.519174
1551,25.317442
1552,49.923462
1553,84.241585
1554,85.54344
1555,102.4643
1556,108.64308
1557,128.32884
1558,113.65977
1559,113.66757
1560,109.8832
1561,103.61894
1562,76.52466
1563,74.777336
1564,65.24101
1565,52.514877
1566,46.768097
1567,32.79561
1568,18.011656
1569,12.553222
1570,9.178032
1571,5.679479
1572,5.7941647
1573,10.047738
1574,11.583214
1575,22.9972
1576,43.634167
1577,73.90155
1578,84.037346
1579,99.9495
1580,103.14852
1581,108.78424
1582,102.88756
1583,102.95424
1584,88.60738
1585,79.72497
1586,51.92722
1587,58.092663
1588,51.70328
1589,46.606693
1590,40.846844
1591,31.516823
1592,19.265366
1593,11.841667
1594,8.409471
1595,4.719068
1596,6.414995
1597,6.935107
1598,10.369079
1599,13.710459
1600,19.338228
1601,23.917473
1602,25.95354
1603,36.13195
1604,40.487377
1605,37.969204
1606,36.95033
1607,34.99676
1608,32.608635
1609,38.83338
1610,26.566996
1611,28.110584
1612,21.080807
1613,17.959965
1614,17.042496
1615,14.981943
1616,11.70135
1617,7.683049
1618,6.7588353
1619,3.9568374
1620,3.94492
1621,5.6571703
1622,6.740651
1623,5.398785
1624,12.385775
1625,17.058554
1626,17.37549
1627,24.107115
1628,23.105993
1629,23.385078
1630,19.892544
1631,22.443493
1632,30.605274
1633,28.94811
1634,24.51171
1635,23.72992
1636,18.0323
1637,19.289574
1638,13.76648
1639,12.51543
1640,8.980727
1641,4.732089
1642,4.445344
1643,3.94492
1644,3.94492
1645,6.57794
1646,10.601392
1647,21.58301
1648,34.482517
1649,63.912033
1650,63.953835
1651,72.082306
1652,77.476814
1653,95.20567
1654,85.99765
1655,83.77292
1656,93.29246
1657,93.764755
1658,71.049805
1659,67.74975
1660,59.080704
1661,45.802616
1662,43.690193
1663,26.573292
1664,16.229929
1665,8.446046
1666,6.8955364
1667,4.2585936
1668,4.1939225
1669,6.976941
1670,12.264965
1671,21.050732
1672,41.40321
1673,75.1222
1674,76.38641
1675,88.59604
1676,96.49568
1677,118.037895
1678,102.559525
1679,107.97362
1680,105.458
1681,101.93625
1682,75.304405
1683,72.57354
1684,62.5434
1685,53.59174
1686,45.35647
1687,31.212492
1688,21.273434
1689,11.407965
1690,7.454248
1691,7.0432024
1692,5.0694847
1693,9.227229
1694,14.378427
1695,25.809246
1696,46.94772
1697,85.66274
1698,87.9143
1699,103.39667
1700,103.873146
1701,128.38779
1702,118.77326
1703,115.43325
1704,113.028755
1705,104.326004
1706,77.965836
1707,75.39698
1708,68.099655
1709,56.7486
1710,53.71962
1711,38.22788
1712,21.235994
1713,12.373706
1714,8.198413
1715,7.0668807
1716,5.4928875
1717,11.080479
1718,15.519174
1719,25.317442
1720,49.923462
1721,84.241585
1722,85.54344
1723,102.4643
1724,108.64308
1725,128.32884
1726,113.65977
1727,113.66757
1728,109.8832
1729,103.61894
1730,76.52466
1731,74.777336
1732,65.24101
1733,52.514877
1734,46.768097
1735,32.79561
1736,18.011656
1737,12.553222
1738,9.178032
1739,5.679479
1740,5.7941647
1741,10.047738
1742,11.583214
1743,22.9972
1744,43.634167
1745,73.90155
1746,84.037346
1747,99.9495
1748,103.14852
1749,108.78424
1750,102.88756
1751,102.95424
1752,88.60738
1753,79.72497
1754,51.92722
1755,58.092663
1756,51.70328
1757,46.606693
1758,40.846844
1759,31.516823
1760,19.265366
1761,11.841667
1762,8.409471
1763,4.719068
1764,6.414995
1765,6.935107
1766,10.369078
1767,13.710461
1768,19.338228
1769,23.917473
1770,25.95354
1771,36.13195
1772,40.487377
1773,37.969204
1774,36.95033
1775,34.99676
1776,32.608635
1777,38.83338
1778,26.566996
1779,28.110584
1780,21.080807
1781,17.959965
1782,17.042496
1783,14.981943
1784,11.70135
1785,7.683049
1786,6.7588353
1787,3.9568374
1788,3.94492
1789,5.6571703
1790,6.7406526
1791,5.3987846
1792,12.385775
1793,17.058554
1794,17.37549
1795,24.107115
1796,23.105993
1797,23.385078
1798,19.892542
1799,22.443499
1800,30.605274
1801,28.94811
1802,24.51171
1803,23.72992
1804,18.0323
1805,19.289574
1806,13.76648
1807,12.51543
1808,8.980727
1809,4.732089
1810,4.445344
1811,3.94492
1812,3.94492
1813,6.57794
1814,10.601392
1815,21.58301
1816,34.482517
1817,63.912033
1818,63.953835
1819,72.082306
1820,77.476814
1821,95.20567
1822,85.99765
1823,83.77292
1824,93.29246
1825,93.764755
1826,71.049805
1827,67.74975
1828,59.080704
1829,45.802616
1830,43.690193
1831,26.573292
1832,16.229929
1833,8.446046
1834,6.8955364
1835,4.2585936
1836,4.1939225
1837,6.976941
1838,12.264965
1839,21.050732
1840,41.40321
1841,75.1222
1842,76.38641
1843,88.59604
1844,96.49568
1845,118.037895
1846,102.559525
1847,107.97362
1848,105.458
1849,101.93625
1850,75.304405
1851,72.57354
1852,62.5434
1853,53.59174
1854,45.35647
1855,31.212486
1856,21.273434
1857,11.407965
1858,7.454248
1859,7.0432024
1860,5.0694847
1861,9.227229
1862,14.378427
1863,25.80924
1864,46.94772
1865,85.66274
1866,87.9143
1867,103.39667
1868,103.873146
1869,128.38779
1870,118.77326
1871,115.43325
1872,113.028755
1873,104.326004
1874,77.965836
1875,75.39698
1876,68.099655
1877,56.7486
1878,53.71962
1879,38.22788
1880,21.235994
1881,12.373706
1882,8.198413
1883,7.0668807
1884,5.4928875
1885,11.080479
1886,15.519173
1887,25.317442
1888,49.923462
1889,84.241585
1890,85.54344
1891,102.4643
1892,108.64308
1893,128.32884
1894,113.65977
1895,113.66757
1896,109.8832
1897,103.61894
1898,76.52466
1899,74.777336
1900,65.24101
1901,52.514877
1902,46.768097
1903,32.79561
1904,18.011656
1905,12.553222
1906,9.178032
1907,5.679479
1908,5.7941647
1909,10.047738
1910,11.583214
1911,22.9972
1912,43.634167
1913,73.90155
1914,84.037346
1915,99.9495
1916,103.14852
1917,108.78424
1918,102.88756
1919,102.95424
1920,88.60738
1921,79.72497
1922,51.92722
1923,58.092663
1924,51.70328
1925,46.606693
1926,40.846844
1927,31.516823
1928,19.265366
1929,11.841667
1930,8.409471
1931,4.719068
1932,6.414995
1933,6.935107
1934,10.369078
1935,13.710461
1936,19.338228
1937,23.917473
1938,25.95354
1939,36.13195
1940,40.487377
1941,37.969204
1942,36.95033
1943,34.99676
1944,32.608635
1945,38.83338
1946,26.566996
1947,28.110584
1948,21.080807
1949,17.959965
1950,17.042494
1951,14.981943
1952,11.70135
1953,7.683049
1954,6.7588353
1955,3.9568374
1956,3.94492
1957,5.6571703
1958,6.740651
1959,5.398785
1960,12.385775
1961,17.058554
1962,17.37549
1963,24.107115
1964,23.105993
1965,23.385078
1966,19.892542
1967,22.443499
1968,30.605274
1969,28.94811
1970,24.51171
1971,23.72992
1972,18.0323
1973,19.289574
1974,13.76648
1975,12.51543
1976,8.980727
1977,4.732089
1978,4.445344
1979,3.94492
1980,3.94492
1981,6.57794
1982,10.601392
1983,21.58301
1984,34.482517
1985,63.912033
1986,63.953835
1987,72.082306
1988,77.476814
1989,95.20567
1990,85.99765
1991,83.77292
1992,93.29246
1993,93.764755
1994,71.049805
1995,67.74975
1996,59.080704
1997,45.802616
1998,43.690193
1999,26.573292
2000,16.229929
2001,8.446046
2002,6.8955364
2003,4.2585936
2004,4.1939225
2005,6.976941
2006,12.264965
2007,21.050732
2008,41.40321
2009,75.1222
2010,76.38641
2011,88.59604
2012,96.49568
2013,118.037895
2014,102.559525
2015,107.97362
2016,2.4776905
2017,3.94492
2018,3.94492
2019,3.94492
2020,3.94492
2021,3.94492
2022,1.417511
2023,3.94492
2024,1.7207773
2025,0.45409518
2026,-1.3566535
2027,-1.486002
2028,-0.13994816
2029,0.6657187
2030,3.94492
2031,3.94492
2032,3.94492
2033,2.9644482
2034,3.94492
2035,3.2847774
2036,-1.0436105
2037,1.7303292
2038,3.4336355
2039,3.9272826
2040,3.94492
2041,0.13980071
2042,3.94492
2043,3.94492
2044,3.94492
2045,3.94492
2046,3.94492
2047,3.94492
2048,3.94492
2049,3.94492
2050,3.94492
2051,3.94492
2052,3.94492
2053,2.8521378
2054,0.68617594
2055,3.94492
2056,3.94492
2057,3.94492
2058,1.074136
2059,1.8400203
2060,3.94492
2061,3.94492
2062,3.94492
2063,1.6761857
2064,3.94492
2065,3.94492
2066,3.94492
2067,3.94492
2068,3.94492
2069,3.94492
2070,3.94492
2071,3.94492
2072,3.94492
2073,3.94492
2074,3.94492
2075,3.94492
2076,3.94492
2077,3.94492
2078,0.4103641
2079,3.94492
2080,3.94492
2081,3.94492
2082,3.94492
2083,3.94492
2084,2.2915168
2085,1.0380636
2086,3.94492
2087,3.94492
2088,3.94492
2089,3.94492
2090,3.94492
2091,3.94492
2092,3.94492
2093,3.94492
2094,3.94492
2095,3.94492
2096,3.4880774
2097,3.94492
2098,2.3099017
2099,1.4310505
2100,3.94492
2101,-0.5744325
2102,3.2730756
2103,3.94492
2104,3.94492
2105,3.94492
2106,3.94492
2107,3.94492
2108,2.1253314
2109,0.2232918
2110,3.94492
2111,3.94492
2112,0.17108272
2113,3.94492
2114,3.94492
2115,3.94492
2116,3.94492
2117,1.3969862
2118,0.6609466
2119,3.94492
2120,3.3909774
2121,-0.15387417
2122,0.53038377
2123,-0.23808353
2124,1.4374666
2125,0.99292946
2126,3.94492
2127,3.94492
2128,3.94492
2129,0.4755877
2130,2.3656504
2131,3.94492
2132,-1.7604516
2133,2.7636385
2134,-1.983057
2135,-1.5450861
2136,3.94492
2137,3.94492
2138,3.94492
2139,3.94492
2140,3.94492
2141,3.94492
2142,3.94492
2143,3.94492
2144,3.94492
2145,3.94492
2146,3.94492
2147,3.94492
2148,3.94492
2149,3.94492
2150,3.94492
2151,3.94492
2152,3.94492
2153,3.94492
2154,3.94492
2155,3.94492
2156,3.94492
2157,3.94492
2158,3.94492
2159,3.94492
2160,3.94492
2161,0.49235362
2162,3.94492
2163,3.94492
2164,3.94492
2165,3.94492
2166,3.94492
2167,3.94492
2168,3.94492
2169,3.086027
2170,2.941603
2171,2.5173109
2172,3.9084196
2173,3.94492
2174,3.94492
2175,3.94492
2176,3.94492
2177,3.94492
2178,3.94492
2179,3.94492
2180,-0.81471246
2181,3.94492
2182,3.94492
2183,1.1254627
2184,2.4776905
2185,3.94492
2186,3.94492
2187,3.94492
2188,3.94492
2189,3.94492
2190,1.417511
2191,3.94492
2192,1.7207773
2193,0.45409518
2194,-1.3566535
2195,-1.486002
2196,-0.13994816
2197,0.6657187
2198,3.94492
2199,3.94492
2200,3.94492
2201,2.9644482
2202,3.94492
2203,3.2847774
2204,-1.0436105
2205,1.7303292
2206,3.433636
2207,3.927282
2208,3.94492
2209,0.13980071
2210,3.94492
2211,3.94492
2212,3.94492
2213,3.94492
2214,3.94492
2215,3.94492
2216,3.94492
2217,3.94492
2218,3.94492
2219,3.94492
2220,3.94492
2221,2.8521378
2222,0.68617594
2223,3.94492
2224,3.94492
2225,3.94492
2226,1.074136
2227,1.8400203
2228,3.94492
2229,3.94492
2230,3.94492
2231,1.6761857
2232,3.94492
2233,3.94492
2234,3.94492
2235,3.94492
2236,3.94492
2237,3.94492
2238,3.94492
2239,3.94492
2240,3.94492
2241,3.94492
2242,3.94492
2243,3.94492
2244,3.94492
2245,3.94492
2246,0.4103619
2247,3.94492
2248,3.94492
2249,3.94492
2250,3.94492
2251,3.94492
2252,2.2915168
2253,1.0380636
2254,3.94492
2255,3.94492
2256,3.94492
2257,3.94492
2258,3.94492
2259,3.94492
2260,3.94492
2261,3.94492
2262,3.94492
2263,3.94492
2264,3.4880774
2265,3.94492
2266,2.3099017
2267,1.4310505
2268,3.94492
2269,-0.5744325
2270,3.273074
2271,3.94492
2272,3.94492
2273,3.94492
2274,3.94492
2275,3.94492
2276,2.1253314
2277,0.2232918
2278,3.94492
2279,3.94492
2280,0.17108272
2281,3.94492
2282,3.94492
2283,3.94492
2284,3.94492
2285,1.3969862
2286,0.6609466
2287,3.94492
2288,3.3909774
2289,-0.15387417
2290,0.53038377
2291,-0.23808353
2292,1.4374666
2293,0.99292946
2294,3.94492
2295,3.94492
2296,3.94492
2297,0.4755877
2298,2.3656504
2299,3.94492
2300,-1.7604516
2301,2.7636385
2302,-1.9830544
2303,-1.5450867
2304,3.94492
2305,3.94492
2306,3.94492
2307,3.94492
2308,3.94492
2309,3.94492
2310,3.94492
2311,3.94492
2312,3.94492
2313,3.94492
2314,3.94492
2315,3.94492
2316,3.94492
2317,3.94492
2318,3.94492
2319,3.94492
2320,3.94492
2321,3.94492
2322,3.94492
2323,3.94492
2324,3.94492
2325,3.94492
2326,3.94492
2327,3.94492
2328,3.94492
2329,0.49235362
2330,3.94492
2331,3.94492
2332,3.94492
2333,3.94492
2334,3.94492
2335,3.94492
2336,3.94492
2337,3.086027
2338,2.941603
2339,2.5173109
2340,3.9084196
2341,3.94492
2342,3.94492
2343,3.94492
2344,3.94492
2345,3.94492
2346,3.94492
2347,3.94492
2348,-0.81471246
2349,3.94492
2350,3.94492
2351,1.1254627
2352,2.4776905
2353,3.94492
2354,3.94492
2355,3.94492
2356,3.94492
2357,3.94492
2358,1.417511
2359,3.94492
2360,1.7207773
2361,0.45409518
2362,-1.3566535
2363,-1.486002
2364,-0.13994816
2365,0.6657187
2366,3.94492
2367,3.94492
2368,3.94492
2369,2.9644482
2370,3.94492
2371,3.2847774
2372,-1.0436105
2373,1.7303292
2374,3.4336355
2375,3.9272826
2376,3.94492
2377,0.13980071
2378,3.94492
2379,3.94492
2380,3.94492
2381,3.94492
2382,3.94492
2383,3.94492
2384,3.94492
2385,3.94492
2386,3.94492
2387,3.94492
2388,3.94492
2389,2.8521378
2390,0.68617594
2391,3.94492
2392,3.94492
2393,3.94492
2394,1.074136
2395,1.8400203
2396,3.94492
2397,3.94492
2398,3.94492
2399,1.6761864
2400,3.94492
2401,3.94492
2402,3.94492
2403,3.94492
2404,3.94492
2405,3.94492
2406,3.94492
2407,3.94492
2408,3.94492
2409,3.94492
2410,3.94492
2411,3.94492
2412,3.94492
2413,3.94492
2414,0.4103619
2415,3.94492
2416,3.94492
2417,3.94492
2418,3.94492
2419,3.94492
2420,2.2915168
2421,1.0380636
2422,3.94492
2423,3.94492
2424,3.94492
2425,3.94492
2426,3.94492
2427,3.94492
2428,3.94492
2429,3.94492
2430,3.94492
2431,3.94492
2432,3.4880774
2433,3.94492
2434,2.3099017
2435,1.4310505
2436,3.94492
2437,-0.5744325
2438,3.2730756
2439,3.94492
2440,3.94492
2441,3.94492
2442,3.94492
2443,3.94492
2444,2.1253314
2445,0.2232918
2446,3.94492
2447,3.94492
2448,0.17108272
2449,3.94492
2450,3.94492
2451,3.94492
2452,3.94492
2453,1.3969862
2454,0.6609466
2455,3.94492
2456,3.3909774
2457,-0.15387417
2458,0.53038377
2459,-0.23808353
2460,1.4374666
2461,0.99292946
2462,3.94492
2463,3.94492
2464,3.94492
2465,0.4755877
2466,2.3656504
2467,3.94492
2468,-1.7604516
2469,2.7636385
2470,-1.983057
2471,-1.5450861
2472,3.94492
2473,3.94492
2474,3.94492
2475,3.94492
2476,3.94492
2477,3.94492
2478,3.94492
2479,3.94492
2480,3.94492
2481,3.94492
2482,3.94492
2483,3.94492
2484,3.94492
2485,3.94492
2486,3.94492
2487,3.94492
2488,3.94492
2489,3.94492
2490,3.94492
2491,3.94492
2492,3.94492
2493,3.94492
2494,3.94492
2495,3.94492
2496,3.94492
2497,0.49235362
2498,3.94492
2499,3.94492
2500,3.94492
2501,3.94492
2502,3.94492
2503,3.94492
2504,3.94492
2505,3.086027
2506,2.941603
2507,2.5173109
2508,3.9084196
2509,3.94492
2510,3.94492
2511,3.94492
2512,3.94492
2513,3.94492
2514,3.94492
2515,3.94492
2516,-0.81471246
2517,3.94492
2518,3.94492
2519,1.1254627
2520,2.4776905
2521,3.94492
2522,3.94492
2523,3.94492
2524,3.94492
2525,3.94492
2526,1.4175105
2527,3.94492
2528,1.7207773
2529,0.45409518
2530,-1.3566535
2531,-1.486002
2532,-0.13994816
2533,0.6657187
2534,3.94492
2535,3.94492
2536,3.94492
2537,2.9644482
2538,3.94492
2539,3.2847774
2540,-1.0436105
2541,1.7303292
2542,3.4336355
2543,3.9272826
2544,3.94492
2545,0.13980071
2546,3.94492
2547,3.94492
2548,3.94492
2549,3.94492
2550,3.94492
2551,3.94492
2552,3.94492
2553,3.94492
2554,3.94492
2555,3.94492
2556,3.94492
2557,2.8521378
2558,0.68617755
2559,3.94492
2560,3.94492
2561,3.94492
2562,1.074136
2563,1.8400203
2564,3.94492
2565,3.94492
2566,3.94492
2567,1.6761857
2568,3.94492
2569,3.94492
2570,3.94492
2571,3.94492
2572,3.94492
2573,3.94492
2574,3.94492
2575,3.94492
2576,3.94492
2577,3.94492
2578,3.94492
2579,3.94492
2580,3.94492
2581,3.94492
2582,0.4103619
2583,3.94492
2584,3.94492
2585,3.94492
2586,3.94492
2587,3.94492
2588,2.2915168
2589,1.0380636
2590,3.94492
2591,3.94492
2592,3.94492
2593,3.94492
2594,3.94492
2595,3.94492
2596,3.94492
2597,3.94492
2598,3.94492
2599,3.94492
2600,3.4880774
2601,3.94492
2602,2.3099017
2603,1.4310505
2604,3.94492
2605,-0.5744325
2606,3.2730756
2607,3.94492
2608,3.94492
2609,3.94492
2610,3.94492
2611,3.94492
2612,2.1253314
2613,0.2232918
2614,3.94492
2615,3.94492
2616,0.17108272
2617,3.94492
2618,3.94492
2619,3.94492
2620,3.94492
2621,1.3969862
2622,0.6609447
2623,3.94492
2624,3.3909774
2625,-0.15387417
2626,0.53038377
2627,-0.23808353
2628,1.4374666
2629,0.99292946
2630,3.94492
2631,3.94492
2632,3.94492
2633,0.4755877
2634,2.3656504
2635,3.94492
2636,-1.7604516
2637,2.7636385
2638,-1.983057
2639,-1.5450861
2640,3.94492
2641,3.94492
2642,3.94492
2643,3.94492
2644,3.94492
2645,3.94492
2646,3.94492
2647,3.94492
2648,3.94492
2649,3.94492
2650,3.94492
2651,3.94492
2652,3.94492
2653,3.94492
2654,3.94492
2655,3.94492
2656,3.94492
2657,3.94492
2658,3.94492
2659,3.94492
2660,3.94492
2661,3.94492
2662,3.94492
2663,3.94492
2664,3.94492
2665,0.49235362
2666,3.94492
2667,3.94492
2668,3.94492
2669,3.94492
2670,3.94492
2671,3.94492
2672,3.94492
2673,3.086027
2674,2.941603
2675,2.5173109
2676,3.9084196
2677,3.94492
2678,3.94492
2679,3.94492
2680,3.94492
2681,3.94492
2682,3.94492
2683,3.94492
2684,-0.81471246
2685,3.94492
2686,3.94492
2687,1.1254634
2688,36.007263
2689,31.952303
2690,31.09431
2691,28.379728
2692,22.547915
2693,26.63204
2694,18.655727
2695,17.244791
2696,14.304206
2697,10.081954
2698,5.839913
2699,3.9688647
2700,5.339716
2701,12.093056
2702,28.670248
2703,50.960964
2704,64.62052
2705,80.18666
2706,65.626175
2707,55.324043
2708,45.52041
2709,46.62128
2710,41.926136
2711,33.29205
2712,35.81148
2713,29.015865
2714,33.331497
2715,30.295416
2716,28.535042
2717,25.494364
2718,20.314749
2719,19.134474
2720,16.666243
2721,11.458497
2722,8.538008
2723,5.498553
2724,6.877496
2725,14.279564
2726,24.573526
2727,51.69649
2728,61.816288
2729,80.10698
2730,66.28946
2731,53.86241
2732,49.76219
2733,46.86494
2734,38.10285
2735,32.762318
2736,37.90363
2737,33.655308
2738,31.156708
2739,24.914833
2740,24.766817
2741,31.692444
2742,19.272867
2743,19.30401
2744,13.985106
2745,9.13258
2746,6.940199
2747,5.3321314
2748,6.6471767
2749,11.103056
2750,26.271358
2751,47.105106
2752,57.46443
2753,73.60806
2754,60.34988
2755,46.328114
2756,45.061638
2757,42.752487
2758,36.41482
2759,35.03183
2760,40.133125
2761,34.724728
2762,30.545786
2763,28.802652
2764,27.856527
2765,26.646317
2766,25.600742
2767,25.083818
2768,21.246393
2769,15.262099
2770,7.5805492
2771,7.0783916
2772,8.674205
2773,13.802234
2774,24.242836
2775,27.729992
2776,42.60335
2777,49.634937
2778,47.095226
2779,43.8704
2780,38.600243
2781,37.604977
2782,36.50366
2783,30.722353
2784,28.635748
2785,33.968384
2786,30.668344
2787,25.448654
2788,29.879515
2789,25.343353
2790,24.136833
2791,21.00819
2792,22.392803
2793,17.554651
2794,9.145744
2795,7.7704363
2796,6.919942
2797,15.776875
2798,16.564306
2799,18.966492
2800,25.336584
2801,34.956833
2802,34.928307
2803,37.41006
2804,36.263306
2805,33.936405
2806,31.989088
2807,30.719284
2808,24.218555
2809,26.5205
2810,20.9407
2811,21.596603
2812,19.251627
2813,21.341791
2814,18.112263
2815,15.364875
2816,13.549785
2817,7.999421
2818,6.782724
2819,4.09767
2820,6.0448685
2821,12.602319
2822,26.43616
2823,46.726025
2824,55.62724
2825,68.80317
2826,60.004585
2827,48.97716
2828,43.644268
2829,44.45322
2830,36.129753
2831,35.73123
2832,35.495667
2833,26.970427
2834,28.707182
2835,26.92581
2836,23.687897
2837,28.071127
2838,17.37524
2839,15.921948
2840,14.086975
2841,8.89902
2842,6.9848533
2843,4.879849
2844,6.3351274
2845,11.397485
2846,26.70143
2847,44.56289
2848,57.357876
2849,73.60681
2850,59.973793
2851,48.43974
2852,45.914787
2853,43.860943
2854,37.8815
2855,32.66851
2856,36.007263
2857,31.952303
2858,31.09431
2859,28.379728
2860,22.547915
2861,26.63204
2862,18.655727
2863,17.244791
2864,14.304206
2865,10.081954
2866,5.839913
2867,3.9688647
2868,5.339716
2869,12.093056
2870,28.670248
2871,50.960964
2872,64.62052
2873,80.18666
2874,65.626175
2875,55.324043
2876,45.52041
2877,46.62128
2878,41.926144
2879,33.292057
2880,35.81148
2881,29.015865
2882,33.331497
2883,30.295416
2884,28.535042
2885,25.494364
2886,20.314749
2887,19.134474
2888,16.666243
2889,11.458497
2890,8.538008
2891,5.498553
2892,6.877496
2893,14.279564
2894,24.573526
2895,51.69649
2896,61.816288
2897,80.10698
2898,66.28946
2899,53.86241
2900,49.76219
2901,46.86494
2902,38.10285
2903,32.762318
2904,37.90363
2905,33.655308
2906,31.156708
2907,24.914833
2908,24.766817
2909,31.692444
2910,19.272871
2911,19.304012
2912,13.985106
2913,9.13258
2914,6.940199
2915,5.3321314
2916,6.6471767
2917,11.103056
2918,26.271357
2919,47.105114
2920,57.46443
2921,73.60806
2922,60.34988
2923,46.328114
2924,45.061638
2925,42.752487
2926,36.41482
2927,35.03183
2928,40.133125
2929,34.724728
2930,30.545786
2931,28.802652
2932,27.856527
2933,26.646317
2934,25.600742
2935,25.083818
2936,21.246393
2937,15.262099
2938,7.5805492
2939,7.0783916
2940,8.674205
2941,13.802234
2942,24.242838
2943,27.729992
2944,42.60335
2945,49.634937
2946,47.095226
2947,43.8704
2948,38.600243
2949,37.604977
2950,36.503654
2951,30.722351
2952,28.635748
2953,33.968384
2954,30.668344
2955,25.448654
2956,29.879515
2957,25.343353
2958,24.136833
2959,21.00819
2960,22.392803
2961,17.554651
2962,9.145744
2963,7.7704363
2964,6.919942
2965,15.776875
2966,16.564306
2967,18.966492
2968,25.336584
2969,34.956833
2970,34.928307
2971,37.41006
2972,36.263306
2973,33.936405
2974,31.989086
2975,30.719284
2976,24.218555
2977,26.5205
2978,20.9407
2979,21.596603
2980,19.251627
2981,21.341791
2982,18.11226
2983,15.364876
2984,13.549785
2985,7.999421
2986,6.782724
2987,4.09767
2988,6.0448685
2989,12.602319
2990,26.43616
2991,46.726025
2992,55.62724
2993,68.80317
2994,60.004585
2995,48.97716
2996,43.644268
2997,44.45322
2998,36.129753
2999,35.73123
3000,35.495667
3001,26.970427
3002,28.707182
3003,26.92581
3004,23.687897
3005,28.071127
3006,17.37524
3007,15.921943
3008,14.086975
3009,8.89902
3010,6.9848533
3011,4.879849
3012,6.3351274
3013,11.397485
3014,26.70143
3015,44.56289
3016,57.357876
3017,73.60681
3018,59.973793
3019,48.43974
3020,45.914787
3021,43.860943
3022,37.8815
3023,32.66851
3024,36.007263
3025,31.952303
3026,31.09431
3027,28.379728
3028,22.547915
3029,26.63204
3030,18.655727
3031,17.244791
3032,14.304206
3033,10.081954
3034,5.839913
3035,3.9688647
3036,5.339716
3037,12.093056
3038,28.670248
3039,50.960957
3040,64.62052
3041,80.18666
3042,65.626175
3043,55.324043
3044,45.52041
3045,46.62128
3046,41.926136
3047,33.29205
3048,35.81148
3049,29.015865
3050,33.331497
3051,30.295416
3052,28.535042
3053,25.494364
3054,20.314749
3055,19.134474
3056,16.666243
3057,11.458497
3058,8.538008
3059,5.498553
3060,6.877496
3061,14.279564
3062,24.573526
3063,51.69649
3064,61.816288
3065,80.10698
3066,66.28946
3067,53.86241
3068,49.76219
3069,46.86494
3070,38.10285
3071,32.762318
3072,37.90363
3073,33.655308
3074,31.156708
3075,24.914833
3076,24.766817
3077,31.692444
3078,19.272867
3079,19.30401
3080,13.985106
3081,9.13258
3082,6.940199
3083,5.3321314
3084,6.6471767
3085,11.103056
3086,26.271357
3087,47.105114
3088,57.46443
3089,73.60806
3090,60.34988
3091,46.328114
3092,45.061638
3093,42.752487
3094,36.41482
3095,35.03183
3096,40.133125
3097,34.724728
3098,30.545786
3099,28.802652
3100,27.856527
3101,26.646317
3102,25.600742
3103,25.083815
3104,21.246393
3105,15.262099
3106,7.5805492
3107,7.0783916
3108,8.674205
3109,13.802234
3110,24.242836
3111,27.729992
3112,42.60335
3113,49.634937
3114,47.095226
3115,43.8704
3116,38.600243
3117,37.604977
3118,36.503654
3119,30.722351
3120,28.635748
3121,33.968384
3122,30.668344
3123,25.448654
3124,29.879515
3125,25.343353
3126,24.136833
3127,21.00819
3128,22.392803
3129,17.554651
3130,9.145744
3131,7.7704363
3132,6.919942
3133,15.776875
3134,16.564304
3135,18.966492
3136,25.336584
3137,34.956833
3138,34.928307
3139,37.41006
3140,36.263306
3141,33.936405
3142,31.989088
3143,30.719284
3144,24.218555
3145,26.5205
3146,20.9407
3147,21.596603
3148,19.251627
3149,21.341791
3150,18.11226
3151,15.364876
3152,13.549785
3153,7.999421
3154,6.782724
3155,4.09767
3156,6.0448685
3157,12.602319
3158,26.43616
3159,46.726025
3160,55.62724
3161,68.80317
3162,60.004585
3163,48.97716
3164,43.644268
3165,44.45322
3166,36.129753
3167,35.73123
3168,35.495667
3169,26.970427
3170,28.707182
3171,26.92581
3172,23.687897
3173,28.071127
3174,17.37524
3175,15.921948
3176,14.086975
3177,8.89902
3178,6.9848533
3179,4.879849
3180,6.3351274
3181,11.397485
3182,26.70143
3183,44.56289
3184,57.357876
3185,73.60681
3186,59.973793
3187,48.43974
3188,45.914787
3189,43.860943
3190,37.8815
3191,32.66851
3192,36.007263
3193,31.952303
3194,31.09431
3195,28.379728
3196,22.547915
3197,26.63204
3198,18.65573
3199,17.244793
3200,14.304206
3201,10.081954
3202,5.839913
3203,3.9688647
3204,5.339716
3205,12.093056
3206,28.670248
3207,50.960964
3208,64.62052
3209,80.18666
3210,65.626175
3211,55.324043
3212,45.52041
3213,46.62128
3214,41.926136
3215,33.29205
3216,35.81148
3217,29.015865
3218,33.331497
3219,30.295416
3220,28.535042
3221,25.494364
3222,20.314749
3223,19.134474
3224,16.666243
3225,11.458497
3226,8.538008
3227,5.498553
3228,6.877496
3229,14.279564
3230,24.573526
3231,51.696495
3232,61.816288
3233,80.10698
3234,66.28946
3235,53.86241
3236,49.76219
3237,46.86494
3238,38.10285
3239,32.762318
3240,37.90363
3241,33.655308
3242,31.156708
3243,24.914833
3244,24.766817
3245,31.692444
3246,19.272867
3247,19.30401
3248,13.985106
3249,9.13258
3250,6.940199
3251,5.3321314
3252,6.6471767
3253,11.103056
3254,26.271357
3255,47.105114
3256,57.46443
3257,73.60806
3258,60.34988
3259,46.328114
3260,45.061638
3261,42.752487
3262,36.41482
3263,35.031826
3264,40.133125
3265,34.724728
3266,30.545786
3267,28.802652
3268,27.856527
3269,26.646317
3270,25.600742
3271,25.083818
3272,21.246393
3273,15.262099
3274,7.5805492
3275,7.0783916
3276,8.674205
3277,13.802234
3278,24.242836
3279,27.729992
3280,42.60335
3281,49.634937
3282,47.095226
3283,43.8704
3284,38.600243
3285,37.604977
3286,36.503654
3287,30.722351
3288,28.635748
3289,33.968384
3290,30.668344
3291,25.448654
3292,29.879515
3293,25.343353
3294,24.136833
3295,21.008188
3296,22.392803
3297,17.554651
3298,9.145744
3299,7.7704363
3300,6.919942
3301,15.776875
3302,16.564306
3303,18.966492
3304,25.336584
3305,34.956833
3306,34.928307
3307,37.41006
3308,36.263306
3309,33.936405
3310,31.989088
3311,30.719284
3312,24.218555
3313,26.5205
3314,20.9407
3315,21.596603
3316,19.251627
3317,21.341791
3318,18.11226
3319,15.364876
3320,13.549785
3321,7.999421
3322,6.782724
3323,4.09767
3324,6.0448685
3325,12.602319
3326,26.43616
3327,46.726025
3328,55.62724
3329,68.80317
3330,60.004585
3331,48.97716
3332,43.644268
3333,44.45322
3334,36.129753
3335,35.73123
3336,35.495667
3337,26.970427
3338,28.707182
3339,26.92581
3340,23.687897
3341,28.071127
3342,17.37524
3343,15.921948
3344,14.086975
3345,8.89902
3346,6.9848533
3347,4.879849
3348,6.3351274
3349,11.397485
3350,26.70143
3351,44.56289
3352,57.357876
3353,73.60681
3354,59.973793
3355,48.43974
3356,45.914787
3357,43.860943
3358,37.8815
3359,32.668507
3360,40.042103
3361,37.263123
3362,35.21295
3363,31.565006
3364,21.131735
3365,23.987297
3366,24.481451
3367,15.398395
3368,8.640514
3369,7.0635905
3370,5.360857
3371,4.6119037
3372,4.751945
3373,6.733833
3374,14.86628
3375,34.406555
3376,61.26733
3377,65.31646
3378,47.636635
3379,48.7252
3380,39.119926
3381,43.711323
3382,37.087685
3383,37.078003
3384,45.87902
3385,37.18805
3386,33.564034
3387,31.0928
3388,21.703781
3389,26.85055
3390,29.038965
3391,16.298521
3392,11.87818
3393,7.501671
3394,4.2153316
3395,3.94492
3396,4.295078
3397,5.2154646
3398,13.74945
3399,38.589478
3400,58.29216
3401,66.556114
3402,47.542637
3403,46.302868
3404,46.2897
3405,43.92171
3406,38.26142
3407,34.622078
3408,40.588005
3409,33.93695
3410,31.697264
3411,24.943197
3412,19.157852
3413,25.37011
3414,24.997581
3415,14.641554
3416,9.917143
3417,6.1941395
3418,4.4090834
3419,3.94492
3420,3.94492
3421,6.560039
3422,13.036197
3423,29.224371
3424,54.932175
3425,62.284332
3426,44.06085
3427,43.498287
3428,42.73619
3429,38.461166
3430,34.458237
3431,31.929157
3432,35.200996
3433,36.53801
3434,32.001194
3435,25.867676
3436,24.407322
3437,22.301638
3438,25.19445
3439,20.07142
3440,18.098316
3441,10.455266
3442,6.9134994
3443,3.94492
3444,5.588193
3445,11.893984
3446,15.167334
3447,18.815561
3448,28.293427
3449,31.823526
3450,34.474922
3451,33.917046
3452,27.960497
3453,30.127209
3454,25.518755
3455,20.347528
3456,23.62142
3457,28.986898
3458,26.658255
3459,24.874275
3460,19.364298
3461,19.46991
3462,21.139524
3463,18.582438
3464,15.003514
3465,10.392811
3466,7.024563
3467,4.327639
3468,5.1021714
3469,9.297619
3470,9.238207
3471,17.797762
3472,18.315432
3473,20.07261
3474,23.098574
3475,27.135782
3476,23.325417
3477,21.735453
3478,21.600147
3479,18.22379
3480,17.487726
3481,19.341938
3482,19.498194
3483,14.441743
3484,13.556754
3485,17.348574
3486,13.250275
3487,13.284877
3488,9.006295
3489,6.163956
3490,3.94492
3491,3.94492
3492,3.94492
3493,8.408794
3494,15.883714
3495,29.26048
3496,48.791977
3497,53.02112
3498,41.281635
3499,35.442883
3500,38.68166
3501,35.411804
3502,32.53974
3503,28.04394
3504,34.741947
3505,32.992374
3506,25.758549
3507,23.82981
3508,16.459095
3509,21.082111
3510,19.498196
3511,13.186475
3512,8.830762
3513,6.3783255
3514,4.88818
3515,3.94492
3516,3.94492
3517,6.7657433
3518,14.444509
3519,30.880354
3520,53.861046
3521,59.675167
3522,42.717632
3523,39.786663
3524,41.520927
3525,39.239162
3526,31.672853
3527,32.79129
3528,40.042103
3529,37.263123
3530,35.21295
3531,31.565006
3532,21.131735
3533,23.987297
3534,24.481451
3535,15.398395
3536,8.640514
3537,7.0635905
3538,5.360857
3539,4.6119037
3540,4.751945
3541,6.733833
3542,14.86628
3543,34.406555
3544,61.26733
3545,65.31646
3546,47.636635
3547,48.7252
3548,39.119926
3549,43.711323
3550,37.087696
3551,37.078003
3552,45.87902
3553,37.18805
3554,33.564034
3555,31.0928
3556,21.703781
3557,26.85055
3558,29.038969
3559,16.298521
3560,11.87818
3561,7.501671
3562,4.2153316
3563,3.94492
3564,4.295078
3565,5.2154646
3566,13.74945
3567,38.589478
3568,58.29216
3569,66.556114
3570,47.542637
3571,46.302868
3572,46.2897
3573,43.92171
3574,38.26142
3575,34.622078
3576,40.588005
3577,33.93695
3578,31.697264
3579,24.943197
3580,19.157852
3581,25.37011
3582,24.997581
3583,14.641555
3584,9.917143
3585,6.1941395
3586,4.4090834
3587,3.94492
3588,3.94492
3589,6.560039
3590,13.036195
3591,29.22437
3592,54.932175
3593,62.284332
3594,44.06085
3595,43.498287
3596,42.73619
3597,38.461166
3598,34.458237
3599,31.929157
3600,35.200996
3601,36.53801
3602,32.001194
3603,25.867676
3604,24.407322
3605,22.301638
3606,25.19445
3607,20.07142
3608,18.098316
3609,10.455266
3610,6.9134994
3611,3.94492
3612,5.588193
3613,11.893984
3614,15.167334
3615,18.815563
3616,28.293427
3617,31.823526
3618,34.474922
3619,33.917046
3620,27.960497
3621,30.127209
3622,25.518755
3623,20.34753
3624,23.62142
3625,28.986898
3626,26.658255
3627,24.874275
3628,19.364298
3629,19.46991
3630,21.139524
3631,18.582438
3632,15.003514
3633,10.392811
3634,7.024563
3635,4.327639
3636,5.1021714
3637,9.297619
3638,9.238207
3639,17.797762
3640,18.315432
3641,20.07261
3642,23.098574
3643,27.135782
3644,23.325417
3645,21.735453
3646,21.60015
3647,18.223787
3648,17.487726
3649,19.341938
3650,19.498194
3651,14.441743
3652,13.556754
3653,17.348574
3654,13.250274
3655,13.284878
3656,9.006295
3657,6.163956
3658,3.94492
3659,3.94492
3660,3.94492
3661,8.408794
3662,15.883714
3663,29.26048
3664,48.791977
3665,53.02112
3666,41.281635
3667,35.442883
3668,38.68166
3669,35.411804
3670,32.53974
3671,28.04394
3672,34.741947
3673,32.992374
3674,25.758549
3675,23.82981
3676,16.459095
3677,21.082111
3678,19.498194
3679,13.186476
3680,8.830762
3681,6.3783255
3682,4.88818
3683,3.94492
3684,3.94492
3685,6.7657433
3686,14.4445095
3687,30.880352
3688,53.861046
3689,59.675167
3690,42.717632
3691,39.786663
3692,41.520927
3693,39.239162
3694,31.672853
3695,32.79129
3696,40.042103
3697,37.263123
3698,35.21295
3699,31.565006
3700,21.131735
3701,23.987297
3702,24.481451
3703,15.398395
3704,8.640514
3705,7.0635905
3706,5.360857
3707,4.6119037
3708,4.751945
3709,6.733833
3710,14.86628
3711,34.40656
3712,61.26733
3713,65.31646
3714,47.636635
3715,48.7252
3716,39.119926
3717,43.711323
3718,37.087685
3719,37.078003
3720,45.87902
3721,37.18805
3722,33.564034
3723,31.0928
3724,21.703781
3725,26.85055
3726,29.038969
3727,16.298521
3728,11.87818
3729,7.501671
3730,4.2153316
3731,3.94492
3732,4.295078
3733,5.2154646
3734,13.74945
3735,38.589478
3736,58.29216
3737,66.556114
3738,47.542637
3739,46.302868
3740,46.2897
3741,43.92171
3742,38.261414
3743,34.622074
3744,40.588005
3745,33.93695
3746,31.697264
3747,24.943197
3748,19.157852
3749,25.37011
3750,24.997581
3751,14.641554
3752,9.917143
3753,6.1941395
3754,4.4090834
3755,3.94492
3756,3.94492
3757,6.560039
3758,13.036195
3759,29.22437
3760,54.932175
3761,62.284332
3762,44.06085
3763,43.498287
3764,42.73619
3765,38.461166
3766,34.458237
3767,31.929157
3768,35.200996
3769,36.53801
3770,32.001194
3771,25.867676
3772,24.407322
3773,22.301638
3774,25.194447
3775,20.071419
3776,18.098316
3777,10.455266
3778,6.9134994
3779,3.94492
3780,5.588193
3781,11.893984
3782,15.167334
3783,18.815561
3784,28.293427
3785,31.823526
3786,34.474922
3787,33.917046
3788,27.960497
3789,30.127209
3790,25.518755
3791,20.34753
3792,23.62142
3793,28.986898
3794,26.658255
3795,24.874275
3796,19.364298
3797,19.46991
3798,21.139524
3799,18.582438
3800,15.003514
3801,10.392811
3802,7.024563
3803,4.327639
3804,5.1021714
3805,9.297619
3806,9.238206
3807,17.797762
3808,18.315432
3809,20.07261
3810,23.098574
3811,27.135782
3812,23.325417
3813,21.735453
3814,21.600147
3815,18.22379
3816,17.487726
3817,19.341938
3818,19.498194
3819,14.441743
3820,13.556754
3821,17.348574
3822,13.250274
3823,13.284878
3824,9.006295
3825,6.163956
3826,3.94492
3827,3.94492
3828,3.94492
3829,8.408794
3830,15.883714
3831,29.26048
3832,48.791977
3833,53.02112
3834,41.281635
3835,35.442883
3836,38.68166
3837,35.411804
3838,32.539745
3839,28.043938
3840,34.741947
3841,32.992374
3842,25.758549
3843,23.82981
3844,16.459095
3845,21.082111
3846,19.498196
3847,13.186475
3848,8.830762
3849,6.3783255
3850,4.88818
3851,3.94492
3852,3.94492
3853,6.7657433
3854,14.4445095
3855,30.880352
3856,53.861046
3857,59.675167
3858,42.717632
3859,39.786663
3860,41.520927
3861,39.239162
3862,31.672853
3863,32.79129
3864,40.042103
3865,37.263123
3866,35.21295
3867,31.565006
3868,21.131735
3869,23.987297
3870,24.481447
3871,15.39839
3872,8.640514
3873,7.0635905
3874,5.360857
3875,4.6119037
3876,4.751945
3877,6.733833
3878,14.86628
3879,34.406555
3880,61.26733
3881,65.31646
3882,47.636635
3883,48.7252
3884,39.119926
3885,43.711323
3886,37.087685
3887,37.078003
3888,45.87902
3889,37.18805
3890,33.564034
3891,31.0928
3892,21.703781
3893,26.85055
3894,29.038969
3895,16.298521
3896,11.87818
3897,7.501671
3898,4.2153316
3899,3.94492
3900,4.295078
3901,5.2154646
3902,13.749449
3903,38.58948
3904,58.29216
3905,66.556114
3906,47.542637
3907,46.302868
3908,46.2897
3909,43.92171
3910,38.26142
3911,34.622078
3912,40.588005
3913,33.93695
3914,31.697264
3915,24.943197
3916,19.157852
3917,25.37011
3918,24.997581
3919,14.641554
3920,9.917143
3921,6.1941395
3922,4.4090834
3923,3.94492
3924,3.94492
3925,6.560039
3926,13.036195
3927,29.22437
3928,54.932175
3929,62.284332
3930,44.06085
3931,43.498287
3932,42.73619
3933,38.461166
3934,34.45823
3935,31.92915
3936,35.200996
3937,36.53801
3938,32.001194
3939,25.867676
3940,24.407322
3941,22.301638
3942,25.19445
3943,20.07142
3944,18.098316
3945,10.455266
3946,6.9134994
3947,3.94492
3948,5.588193
3949,11.893984
3950,15.167334
3951,18.815561
3952,28.293427
3953,31.823526
3954,34.474922
3955,33.917046
3956,27.960497
3957,30.127209
3958,25.518755
3959,20.34753
3960,23.62142
3961,28.986898
3962,26.658255
3963,24.874275
3964,19.364298
3965,19.46991
3966,21.139524
3967,18.582438
3968,15.003514
3969,10.392811
3970,7.024563
3971,4.327639
3972,5.1021714
3973,9.297619
3974,9.238207
3975,17.797762
3976,18.315432
3977,20.07261
3978,23.098574
3979,27.135782
3980,23.325417
3981,21.735453
3982,21.600147
3983,18.22379
3984,17.487726
3985,19.341938
3986,19.498194
3987,14.441743
3988,13.556754
3989,17.348574
3990,13.250274
3991,13.284878
3992,9.006295
3993,6.163956
3994,3.94492
3995,3.94492
3996,3.94492
3997,8.408794
3998,15.883714
3999,29.260487
4000,48.791977
4001,53.02112
4002,41.281635
4003,35.442883
4004,38.68166
4005,35.411804
4006,32.53974
4007,28.04394
4008,34.741947
4009,32.992374
4010,25.758549
4011,23.82981
4012,16.459095
4013,21.082111
4014,19.498196
4015,13.186475
4016,8.830762
4017,6.3783255
4018,4.88818
4019,3.94492
4020,3.94492
4021,6.7657433
4022,14.4445095
4023,30.880352
4024,53.861046
4025,59.675167
4026,42.717632
4027,39.786663
4028,41.520927
4029,39.239162
4030,31.672848
4031,32.791286
4032,0.3082737
4033,3.7843745
4034,3.94492
4035,3.94492
4036,3.94492
4037,3.5385368
4038,3.94492
4039,3.94492
4040,1.5860571
4041,-1.1959989
4042,3.4090831
4043,-1.0668316
4044,-0.24539493
4045,-0.08135525
4046,3.94492
4047,0.6917648
4048,-0.7452238
4049,-1.1817641
4050,0.40458456
4051,-2.0861068
4052,0.9080199
4053,-0.009565635
4054,2.296645
4055,3.94492
4056,-1.8721154
4057,3.7613876
4058,3.94492
4059,3.94492
4060,2.4402764
4061,3.94492
4062,3.94492
4063,3.94492
4064,-0.9261462
4065,-0.16020812
4066,1.2742364
4067,0.39011613
4068,1.032221
4069,-0.47601646
4070,1.4265175
4071,3.94492
4072,-0.5742917
4073,1.754141
4074,1.3841403
4075,-3.0161197
4076,1.0316328
4077,-0.7480419
4078,-1.0686558
4079,-1.2217965
4080,0.3771903
4081,3.94492
4082,3.94492
4083,3.94492
4084,3.94492
4085,3.94492
4086,3.94492
4087,3.94492
4088,3.94492
4089,3.541893
4090,3.94492
4091,3.7550724
4092,3.94492
4093,3.75509
4094,3.94492
4095,3.94492
4096,2.6988988
4097,3.436103
4098,3.94492
4099,-1.2874265
4100,2.9916904
4101,1.9803058
4102,3.94492
4103,3.5045745
4104,0.88865846
4105,3.94492
4106,3.94492
4107,3.94492
4108,3.94492
4109,3.94492
4110,3.94492
4111,3.94492
4112,3.94492
4113,2.0504048
4114,3.94492
4115,0.45566618
4116,3.1483579
4117,-0.022019144
4118,3.94492
4119,3.94492
4120,1.1067324
4121,2.683072
4122,-0.40832895
4123,1.9641327
4124,0.93807656
4125,-1.529748
4126,3.94492
4127,1.7819234
4128,-2.1538568
4129,3.94492
4130,3.94492
4131,3.94492
4132,3.94492
4133,1.6896025
4134,3.94492
4135,3.94492
4136,1.0704106
4137,-0.5742424
4138,1.2498617
4139,3.4296892
4140,3.0840518
4141,1.3682072
4142,3.94492
4143,3.94492
4144,2.5499387
4145,-0.8685159
4146,-2.1220489
4147,-0.23631771
4148,-1.8410355
4149,0.83604556
4150,1.2910181
4151,-1.8007442
4152,3.94492
4153,3.94492
4154,3.94492
4155,3.94492
4156,3.94492
4157,3.94492
4158,3.94492
4159,3.94492
4160,3.94492
4161,3.94492
4162,3.94492
4163,3.94492
4164,3.94492
4165,3.94492
4166,3.94492
4167,3.94492
4168,3.2411487
4169,3.94492
4170,3.94492
4171,3.94492
4172,3.94492
4173,3.94492
4174,3.94492
4175,3.94492
4176,0.33545107
4177,3.94492
4178,3.94492
4179,3.94492
4180,3.94492
4181,1.287453
4182,3.94492
4183,3.94492
4184,3.0964031
4185,-0.7512212
4186,3.896958
4187,-0.563783
4188,0.091882885
4189,0.015067027
4190,3.94492
4191,3.94492
4192,0.7406753
4193,-0.93261087
4194,2.7189121
4195,-1.0747445
4196,-1.4098741
4197,-2.039034
4198,2.8411837
4199,-0.42624694
4200,0.3082737
4201,3.7843745
4202,3.94492
4203,3.94492
4204,3.94492
4205,3.5385368
4206,3.94492
4207,3.94492
4208,1.5860571
4209,-1.1959989
4210,3.4090831
4211,-1.0668316
4212,-0.24539493
4213,-0.08135525
4214,3.94492
4215,0.6917648
4216,-0.7452238
4217,-1.1817641
4218,0.40458456
4219,-2.0861068
4220,0.9080199
4221,-0.009565635
4222,2.2966442
4223,3.94492
4224,-1.8721154
4225,3.7613876
4226,3.94492
4227,3.94492
4228,2.4402764
4229,3.94492
4230,3.94492
4231,3.94492
4232,-0.9261462
4233,-0.16020812
4234,1.2742364
4235,0.39011613
4236,1.032221
4237,-0.47601646
4238,1.4265175
4239,3.94492
4240,-0.5742917
4241,1.754141
4242,1.3841403
4243,-3.0161197
4244,1.0316328
4245,-0.7480419
4246,-1.0686558
4247,-1.2217965
4248,0.3771903
4249,3.94492
4250,3.94492
4251,3.94492
4252,3.94492
4253,3.94492
4254,3.94492
4255,3.94492
4256,3.94492
4257,3.541893
4258,3.94492
4259,3.7550724
4260,3.94492
4261,3.75509
4262,3.94492
4263,3.94492
4264,2.6988988
4265,3.436103
4266,3.94492
4267,-1.2874265
4268,2.9916904
4269,1.9803058
4270,3.94492
4271,3.5045745
4272,0.88865846
4273,3.94492
4274,3.94492
4275,3.94492
4276,3.94492
4277,3.94492
4278,3.94492
4279,3.94492
4280,3.94492
4281,2.0504048
4282,3.94492
4283,0.45566618
4284,3.1483579
4285,-0.022019144
4286,3.94492
4287,3.94492
4288,1.1067324
4289,2.683072
4290,-0.40832895
4291,1.9641327
4292,0.93807656
4293,-1.529748
4294,3.94492
4295,1.781921
4296,-2.1538568
4297,3.94492
4298,3.94492
4299,3.94492
4300,3.94492
4301,1.6896025
4302,3.94492
4303,3.94492
4304,1.0704106
4305,-0.5742424
4306,1.2498617
4307,3.4296892
4308,3.0840518
4309,1.3682072
4310,3.94492
4311,3.94492
4312,2.5499387
4313,-0.8685159
4314,-2.1220489
4315,-0.23631771
4316,-1.8410355
4317,0.83604556
4318,1.291021
4319,-1.8007461
4320,3.94492
4321,3.94492
4322,3.94492
4323,3.94492
4324,3.94492
4325,3.94492
4326,3.94492
4327,3.94492
4328,3.94492
4329,3.94492
4330,3.94492
4331,3.94492
4332,3.94492
4333,3.94492
4334,3.94492
4335,3.94492
4336,3.2411487
4337,3.94492
4338,3.94492
4339,3.94492
4340,3.94492
4341,3.94492
4342,3.94492
4343,3.94492
4344,0.33545107
4345,3.94492
4346,3.94492
4347,3.94492
4348,3.94492
4349,1.287453
4350,3.94492
4351,3.94492
4352,3.0964031
4353,-0.7512212
4354,3.896958
4355,-0.563783
4356,0.091882885
4357,0.015067027
4358,3.94492
4359,3.94492
4360,0.7406753
4361,-0.93261087
4362,2.7189121
4363,-1.0747445
4364,-1.4098741
4365,-2.039034
4366,2.8411837
4367,-0.42624694
4368,0.3082737
4369,3.7843745
4370,3.94492
4371,3.94492
4372,3.94492
4373,3.5385368
4374,3.94492
4375,3.94492
4376,1.5860571
4377,-1.1959989
4378,3.4090831
4379,-1.0668316
4380,-0.24539493
4381,-0.08135525
4382,3.94492
4383,0.6917642
4384,-0.7452238
4385,-1.1817641
4386,0.40458456
4387,-2.0861068
4388,0.9080199
4389,-0.009565635
4390,2.296645
4391,3.94492
4392,-1.8721154
4393,3.7613876
4394,3.94492
4395,3.94492
4396,2.4402764
4397,3.94492
4398,3.94492
4399,3.94492
4400,-0.9261462
4401,-0.16020812
4402,1.2742364
4403,0.39011613
4404,1.032221
4405,-0.47601646
4406,1.4265175
4407,3.94492
4408,-0.5742917
4409,1.754141
4410,1.3841403
4411,-3.0161197
4412,1.0316328
4413,-0.7480419
4414,-1.068659
4415,-1.221794
4416,0.3771903
4417,3.94492
4418,3.94492
4419,3.94492
4420,3.94492
4421,3.94492
4422,3.94492
4423,3.94492
4424,3.94492
4425,3.541893
4426,3.94492
4427,3.7550724
4428,3.94492
4429,3.75509
4430,3.94492
4431,3.94492
4432,2.6988988
4433,3.436103
4434,3.94492
4435,-1.2874265
4436,2.9916904
4437,1.9803058
4438,3.94492
4439,3.5045745
4440,0.88865846
4441,3.94492
4442,3.94492
4443,3.94492
4444,3.94492
4445,3.94492
4446,3.94492
4447,3.94492
4448,3.94492
4449,2.0504048
4450,3.94492
4451,0.45566618
4452,3.1483579
4453,-0.022019144
4454,3.94492
4455,3.94492
4456,1.1067324
4457,2.683072
4458,-0.40832895
4459,1.9641327
4460,0.93807656
4461,-1.529748
4462,3.94492
4463,1.781921
4464,-2.1538568
4465,3.94492
4466,3.94492
4467,3.94492
4468,3.94492
4469,1.6896025
4470,3.94492
4471,3.94492
4472,1.0704106
4473,-0.5742424
4474,1.2498617
4475,3.4296892
4476,3.0840518
4477,1.3682072
4478,3.94492
4479,3.94492
4480,2.5499387
4481,-0.8685159
4482,-2.1220489
4483,-0.23631771
4484,-1.8410355
4485,0.83604556
4486,1.2910181
4487,-1.8007442
4488,3.94492
4489,3.94492
4490,3.94492
4491,3.94492
4492,3.94492
4493,3.94492
4494,3.94492
4495,3.94492
4496,3.94492
4497,3.94492
4498,3.94492
4499,3.94492
4500,3.94492
4501,3.94492
4502,3.94492
4503,3.94492
4504,3.2411487
4505,3.94492
4506,3.94492
4507,3.94492
4508,3.94492
4509,3.94492
4510,3.94492
4511,3.94492
4512,0.33545107
4513,3.94492
4514,3.94492
4515,3.94492
4516,3.94492
4517,1.287453
4518,3.94492
4519,3.94492
4520,3.0964031
4521,-0.7512212
4522,3.896958
4523,-0.563783
4524,0.091882885
4525,0.015067027
4526,3.94492
4527,3.94492
4528,0.7406753
4529,-0.93261087
4530,2.7189121
4531,-1.0747445
4532,-1.4098741
4533,-2.039034
4534,2.8411837
4535,-0.42624694
4536,0.3082737
4537,3.7843745
4538,3.94492
4539,3.94492
4540,3.94492
4541,3.5385368
4542,3.94492
4543,3.94492
4544,1.5860571
4545,-1.1959989
4546,3.4090831
4547,-1.0668316
4548,-0.24539493
4549,-0.08135525
4550,3.94492
4551,0.6917648
4552,-0.7452238
4553,-1.1817641
4554,0.40458456
4555,-2.0861068
4556,0.9080199
4557,-0.009565635
4558,2.296645
4559,3.94492
4560,-1.8721154
4561,3.7613876
4562,3.94492
4563,3.94492
4564,2.4402764
4565,3.94492
4566,3.94492
4567,3.94492
4568,-0.9261462
4569,-0.16020812
4570,1.2742364
4571,0.39011613
4572,1.032221
4573,-0.47601646
4574,1.426515
4575,3.94492
4576,-0.5742917
4577,1.754141
4578,1.3841403
4579,-3.0161197
4580,1.0316328
4581,-0.7480419
4582,-1.0686558
4583,-1.2217965
4584,0.3771903
4585,3.94492
4586,3.94492
4587,3.94492
4588,3.94492
4589,3.94492
4590,3.94492
4591,3.94492
4592,3.94492
4593,3.541893
4594,3.94492
4595,3.7550724
4596,3.94492
4597,3.75509
4598,3.94492
4599,3.94492
4600,2.6988988
4601,3.436103
4602,3.94492
4603,-1.2874265
4604,2.9916904
4605,1.9803058
4606,3.94492
4607,3.5045786
4608,0.88865846
4609,3.94492
4610,3.94492
4611,3.94492
4612,3.94492
4613,3.94492
4614,3.94492
4615,3.94492
4616,3.94492
4617,2.0504048
4618,3.94492
4619,0.45566618
4620,3.1483579
4621,-0.022019144
4622,3.94492
4623,3.94492
4624,1.1067324
4625,2.683072
4626,-0.40832895
4627,1.9641327
4628,0.93807656
4629,-1.529748
4630,3.94492
4631,1.781921
4632,-2.1538568
4633,3.94492
4634,3.94492
4635,3.94492
4636,3.94492
4637,1.6896025
4638,3.94492
4639,3.94492
4640,1.0704106
4641,-0.5742424
4642,1.2498617
4643,3.4296892
4644,3.0840518
4645,1.3682072
4646,3.94492
4647,3.94492
4648,2.5499387
4649,-0.8685159
4650,-2.1220489
4651,-0.23631771
4652,-1.8410355
4653,0.83604556
4654,1.2910181
4655,-1.8007442
4656,3.94492
4657,3.94492
4658,3.94492
4659,3.94492
4660,3.94492
4661,3.94492
4662,3.94492
4663,3.94492
4664,3.94492
4665,3.94492
4666,3.94492
4667,3.94492
4668,3.94492
4669,3.94492
4670,3.94492
4671,3.94492
4672,3.2411487
4673,3.94492
4674,3.94492
4675,3.94492
4676,3.94492
4677,3.94492
4678,3.94492
4679,3.94492
4680,0.33545107
4681,3.94492
4682,3.94492
4683,3.94492
4684,3.94492
4685,1.287453
4686,3.94492
4687,3.94492
4688,3.0964031
4689,-0.7512212
4690,3.896958
4691,-0.563783
4692,0.091882885
4693,0.015067027
4694,3.94492
4695,3.94492
4696,0.7406753
4697,-0.93261087
4698,2.7189121
4699,-1.0747445
4700,-1.4098741
4701,-2.039034
4702,2.841181
4703,-0.42624786
4704,7.983643
4705,6.193097
4706,6.286542
4707,5.568459
4708,3.94492
4709,3.94492
4710,3.94492
4711,3.94492
4712,3.94492
4713,3.94492
4714,3.6939726
4715,3.94492
4716,2.171358
4717,3.94492
4718,3.94492
4719,5.8125877
4720,10.411282
4721,15.329833
4722,10.908528
4723,8.074845
4724,8.866791
4725,9.309628
4726,8.129619
4727,7.1326737
4728,7.975735
4729,6.537529
4730,4.6595273
4731,4.9465055
4732,3.94492
4733,3.94492
4734,3.94492
4735,3.94492
4736,2.2109997
4737,3.94492
4738,1.5384585
4739,3.4498503
4740,1.5597873
4741,3.94492
4742,3.94492
4743,6.8623533
4744,8.366941
4745,15.122963
4746,12.496056
4747,7.521589
4748,6.6672683
4749,6.4080358
4750,6.30679
4751,6.660446
4752,10.62682
4753,6.111884
4754,6.071468
4755,5.840646
4756,3.94492
4757,3.94492
4758,3.94492
4759,3.94492
4760,3.94492
4761,3.94492
4762,3.94492
4763,3.94492
4764,3.94492
4765,3.94492
4766,3.94492
4767,6.366186
4768,7.9725175
4769,11.697766
4770,10.0090065
4771,8.848512
4772,7.435215
4773,7.5652847
4774,7.239768
4775,6.8293104
4776,8.531006
4777,6.3425293
4778,7.3980703
4779,6.488625
4780,3.94492
4781,4.0399036
4782,5.706578
4783,3.94492
4784,5.0367675
4785,3.94492
4786,2.6429613
4787,1.4930491
4788,3.94492
4789,3.94492
4790,3.94492
4791,5.8162937
4792,7.404698
4793,7.9456906
4794,8.861529
4795,7.6929708
4796,7.486252
4797,6.1058087
4798,7.1919656
4799,6.2542524
4800,6.5653896
4801,5.240339
4802,6.4189563
4803,5.714775
4804,3.94492
4805,3.94492
4806,4.991859
4807,3.94492
4808,3.94492
4809,3.94492
4810,3.94492
4811,3.94492
4812,3.94492
4813,3.94492
4814,3.94492
4815,3.2451944
4816,5.0660377
4817,4.48248
4818,7.379641
4819,7.2659316
4820,6.385333
4821,6.524754
4822,4.791801
4823,6.012463
4824,4.4253283
4825,3.94492
4826,5.0058017
4827,3.94492
4828,3.94492
4829,3.94492
4830,3.94492
4831,3.94492
4832,3.94492
4833,3.94492
4834,3.94492
4835,3.94492
4836,2.9175315
4837,3.94492
4838,3.94492
4839,5.8274107
4840,8.100853
4841,12.118968
4842,9.734237
4843,7.7425265
4844,7.4138126
4845,7.3676333
4846,6.499365
4847,5.4803824
4848,6.3723807
4849,5.534085
4850,5.031824
4851,6.0181417
4852,3.94492
4853,3.94492
4854,3.94492
4855,3.94492
4856,3.94492
4857,3.94492
4858,3.94492
4859,3.94492
4860,3.94492
4861,3.94492
4862,3.94492
4863,6.665302
4864,9.220311
4865,10.439724
4866,9.518242
4867,9.986144
4868,7.075344
4869,9.815187
4870,5.929092
4871,6.029849
4872,7.983643
4873,6.193097
4874,6.286542
4875,5.568459
4876,3.94492
4877,3.94492
4878,3.94492
4879,3.94492
4880,3.94492
4881,3.94492
4882,3.6939726
4883,3.94492
4884,2.171358
4885,3.94492
4886,3.94492
4887,5.8125877
4888,10.411282
4889,15.329833
4890,10.908528
4891,8.074845
4892,8.866791
4893,9.309628
4894,8.129619
4895,7.1326737
4896,7.975735
4897,6.537529
4898,4.6595273
4899,4.9465055
4900,3.94492
4901,3.94492
4902,3.94492
4903,3.94492
4904,2.2109997
4905,3.94492
4906,1.5384585
4907,3.4498503
4908,1.5597873
4909,3.94492
4910,3.94492
4911,6.8623533
4912,8.366941
4913,15.122963
4914,12.496056
4915,7.521589
4916,6.6672683
4917,6.4080358
4918,6.30679
4919,6.660446
4920,10.62682
4921,6.111884
4922,6.071468
4923,5.840646
4924,3.94492
4925,3.94492
4926,3.94492
4927,3.94492
4928,3.94492
4929,3.94492
4930,3.94492
4931,3.94492
4932,3.94492
4933,3.94492
4934,3.94492
4935,6.3661866
4936,7.9725175
4937,11.697766
4938,10.0090065
4939,8.848512
4940,7.435215
4941,7.5652847
4942,7.239768
4943,6.8293104
4944,8.531006
4945,6.3425293
4946,7.3980703
4947,6.488625
4948,3.94492
4949,4.0399036
4950,5.706578
4951,3.94492
4952,5.0367675
4953,3.94492
4954,2.6429613
4955,1.4930491
4956,3.94492
4957,3.94492
4958,3.94492
4959,5.8162947
4960,7.404698
4961,7.9456906
4962,8.861529
4963,7.6929708
4964,7.486252
4965,6.1058087
4966,7.1919656
4967,6.254252
4968,6.5653896
4969,5.240339
4970,6.4189563
4971,5.714775
4972,3.94492
4973,3.94492
4974,4.991859
4975,3.94492
4976,3.94492
4977,3.94492
4978,3.94492
4979,3.94492
4980,3.94492
4981,3.94492
4982,3.94492
4983,3.2451944
4984,5.0660377
4985,4.48248
4986,7.379641
4987,7.2659316
4988,6.385333
4989,6.524754
4990,4.7918005
4991,6.0124645
4992,4.4253283
4993,3.94492
4994,5.0058017
4995,3.94492
4996,3.94492
4997,3.94492
4998,3.94492
4999,3.94492
5000,3.94492
5001,3.94492
5002,3.94492
5003,3.94492
5004,2.9175315
5005,3.94492
5006,3.94492
5007,5.8274107
5008,8.100853
5009,12.118968
5010,9.734237
5011,7.7425265
5012,7.4138126
5013,7.3676333
5014,6.499365
5015,5.4803824
5016,6.3723807
5017,5.534085
5018,5.031824
5019,6.0181417
5020,3.94492
5021,3.94492
5022,3.94492
5023,3.94492
5024,3.94492
5025,3.94492
5026,3.94492
5027,3.94492
5028,3.94492
5029,3.94492
5030,3.94492
5031,6.665302
5032,9.220311
5033,10.439724
5034,9.518242
5035,9.986144
5036,7.075344
5037,9.815187
5038,5.929092
5039,6.029849
5040,7.983643
5041,6.193097
5042,6.286542
5043,5.568459
5044,3.94492
5045,3.94492
5046,3.94492
5047,3.94492
5048,3.94492
5049,3.94492
5050,3.6939726
5051,3.94492
5052,2.171358
5053,3.94492
5054,3.94492
5055,5.8125863
5056,10.411282
5057,15.329833
5058,10.908528
5059,8.074845
5060,8.866791
5061,9.309628
5062,8.129619
5063,7.1326737
5064,7.975735
5065,6.537529
5066,4.6595273
5067,4.9465055
5068,3.94492
5069,3.94492
5070,3.94492
5071,3.94492
5072,2.2109997
5073,3.94492
5074,1.5384585
5075,3.4498503
5076,1.5597873
5077,3.94492
5078,3.94492
5079,6.8623533
5080,8.366941
5081,15.122963
5082,12.496056
5083,7.521589
5084,6.6672683
5085,6.4080358
5086,6.3067884
5087,6.660446
5088,10.62682
5089,6.111884
5090,6.071468
5091,5.840646
5092,3.94492
5093,3.94492
5094,3.94492
5095,3.94492
5096,3.94492
5097,3.94492
5098,3.94492
5099,3.94492
5100,3.94492
5101,3.94492
5102,3.94492
5103,6.3661866
5104,7.9725175
5105,11.697766
5106,10.0090065
5107,8.848512
5108,7.435215
5109,7.5652847
5110,7.239768
5111,6.8293104
5112,8.531006
5113,6.3425293
5114,7.3980703
5115,6.488625
5116,3.94492
5117,4.0399036
5118,5.7065787
5119,3.94492
5120,5.0367675
5121,3.94492
5122,2.6429613
5123,1.4930491
5124,3.94492
5125,3.94492
5126,3.94492
5127,5.8162937
5128,7.404698
5129,7.9456906
5130,8.861529
5131,7.6929708
5132,7.486252
5133,6.1058087
5134,7.1919656
5135,6.254252
5136,6.5653896
5137,5.240339
5138,6.4189563
5139,5.714775
5140,3.94492
5141,3.94492
5142,4.991859
5143,3.94492
5144,3.94492
5145,3.94492
5146,3.94492
5147,3.94492
5148,3.94492
5149,3.94492
5150,3.94492
5151,3.2451932
5152,5.0660377
5153,4.48248
5154,7.379641
5155,7.2659316
5156,6.385333
5157,6.524754
5158,4.791801
5159,6.012463
5160,4.4253283
5161,3.94492
5162,5.0058017
5163,3.94492
5164,3.94492
5165,3.94492
5166,3.94492
5167,3.94492
5168,3.94492
5169,3.94492
5170,3.94492
5171,3.94492
5172,2.9175315
5173,3.94492
5174,3.94492
5175,5.8274107
5176,8.100853
5177,12.118968
5178,9.734237
5179,7.7425265
5180,7.4138126
5181,7.3676333
5182,6.499364
5183,5.480383
5184,6.3723807
5185,5.534085
5186,5.031824
5187,6.0181417
5188,3.94492
5189,3.94492
5190,3.94492
5191,3.94492
5192,3.94492
5193,3.94492
5194,3.94492
5195,3.94492
5196,3.94492
5197,3.94492
5198,3.94492
5199,6.665302
5200,9.220311
5201,10.439724
5202,9.518242
5203,9.986144
5204,7.075344
5205,9.815187
5206,5.929092
5207,6.029849
5208,7.983643
5209,6.193097
5210,6.286542
5211,5.568459
5212,3.94492
5213,3.94492
5214,3.94492
5215,3.94492
5216,3.94492
5217,3.94492
5218,3.6939726
5219,3.94492
5220,2.171358
5221,3.94492
5222,3.94492
5223,5.8125877
5224,10.411282
5225,15.329833
5226,10.908528
5227,8.074845
5228,8.866791
5229,9.309628
5230,8.129619
5231,7.1326737
5232,7.975735
5233,6.537529
5234,4.6595273
5235,4.9465055
5236,3.94492
5237,3.94492
5238,3.94492
5239,3.94492
5240,2.2109997
5241,3.94492
5242,1.5384585
5243,3.4498503
5244,1.5597873
5245,3.94492
5246,3.94492
5247,6.8623533
5248,8.366941
5249,15.122963
5250,12.496056
5251,7.521589
5252,6.6672683
5253,6.4080358
5254,6.30679
5255,6.660446
5256,10.62682
5257,6.111884
5258,6.071468
5259,5.840646
5260,3.94492
5261,3.94492
5262,3.94492
5263,3.94492
5264,3.94492
5265,3.94492
5266,3.94492
5267,3.94492
5268,3.94492
5269,3.94492
5270,3.94492
5271,6.3661866
5272,7.9725175
5273,11.697766
5274,10.0090065
5275,8.848512
5276,7.435215
5277,7.5652847
5278,7.239769
5279,6.82931
5280,8.531006
5281,6.3425293
5282,7.3980703
5283,6.488625
5284,3.94492
5285,4.0399036
5286,5.706578
5287,3.94492
5288,5.0367675
5289,3.94492
5290,2.6429613
5291,1.4930491
5292,3.94492
5293,3.94492
5294,3.94492
5295,5.8162937
5296,7.404698
5297,7.9456906
5298,8.861529
5299,7.6929708
5300,7.486252
5301,6.1058087
5302,7.1919656
5303,6.254252
5304,6.5653896
5305,5.240339
5306,6.4189563
5307,5.714775
5308,3.94492
5309,3.94492
5310,4.9918585
5311,3.94492
5312,3.94492
5313,3.94492
5314,3.94492
5315,3.94492
5316,3.94492
5317,3.94492
5318,3.94492
5319,3.2451944
5320,5.0660377
5321,4.48248
5322,7.379641
5323,7.2659316
5324,6.385333
5325,6.524754
5326,4.791801
5327,6.012463
5328,4.4253283
5329,3.94492
5330,5.0058017
5331,3.94492
5332,3.94492
5333,3.94492
5334,3.94492
5335,3.94492
5336,3.94492
5337,3.94492
5338,3.94492
5339,3.94492
5340,2.9175315
5341,3.94492
5342,3.94492
5343,5.827411
5344,8.100853
5345,12.118968
5346,9.734237
5347,7.7425265
5348,7.4138126
5349,7.3676333
5350,6.499365
5351,5.4803824
5352,6.3723807
5353,5.534085
5354,5.031824
5355,6.0181417
5356,3.94492
5357,3.94492
5358,3.94492
5359,3.94492
5360,3.94492
5361,3.94492
5362,3.94492
5363,3.94492
5364,3.94492
5365,3.94492
5366,3.94492
5367,6.665302
5368,9.220311
5369,10.439724
5370,9.518242
5371,9.986144
5372,7.075344
5373,9.815187
5374,5.929092
5375,6.029849
5376,25.534422
5377,21.183912
5378,19.415525
5379,18.266115
5380,14.759071
5381,14.642635
5382,12.194539
5383,11.340002
5384,8.178518
5385,3.94492
5386,3.94492
5387,3.94492
5388,3.5837917
5389,8.726696
5390,12.506749
5391,24.976713
5392,39.327213
5393,51.46426
5394,37.431976
5395,30.888905
5396,32.346924
5397,28.849487
5398,28.418493
5399,23.00622
5400,28.163761
5401,23.082727
5402,23.729967
5403,18.050783
5404,14.614177
5405,15.444655
5406,14.547363
5407,11.611624
5408,9.855798
5409,4.645134
5410,4.9244614
5411,3.94492
5412,3.94492
5413,6.9895263
5414,13.150573
5415,24.885677
5416,40.506145
5417,53.776363
5418,37.15946
5419,30.576372
5420,29.165031
5421,25.914879
5422,25.946692
5423,22.496792
5424,25.296686
5425,23.955534
5426,20.212091
5427,15.568292
5428,15.444636
5429,16.259426
5430,14.992931
5431,11.514091
5432,7.960182
5433,4.8978863
5434,5.052981
5435,3.94492
5436,3.94492
5437,6.6398573
5438,12.078009
5439,24.534061
5440,39.489742
5441,46.75834
5442,33.773247
5443,30.365467
5444,26.660084
5445,25.356043
5446,23.695341
5447,19.677013
5448,26.815401
5449,25.248257
5450,19.8095
5451,18.954927
5452,18.509245
5453,18.56713
5454,16.044697
5455,13.174651
5456,13.702474
5457,7.966079
5458,5.275612
5459,3.94492
5460,3.94492
5461,8.72198
5462,13.707779
5463,15.609382
5464,21.423037
5465,26.942577
5466,27.872044
5467,26.64733
5468,25.445341
5469,21.027355
5470,22.701101
5471,20.222986
5472,17.647512
5473,20.542439
5474,21.200184
5475,17.096155
5476,13.792829
5477,18.0786
5478,16.447046
5479,14.681983
5480,12.724896
5481,9.092684
5482,6.752433
5483,5.1588283
5484,3.94492
5485,8.47801
5486,11.010591
5487,16.255186
5488,16.541342
5489,19.280424
5490,19.91629
5491,23.332346
5492,21.607088
5493,21.018518
5494,18.962547
5495,19.009161
5496,16.930872
5497,16.718727
5498,15.716275
5499,13.585449
5500,12.651592
5501,11.512058
5502,12.455448
5503,8.5508175
5504,8.309075
5505,3.94492
5506,3.9750047
5507,3.94492
5508,3.94492
5509,8.4547615
5510,15.07462
5511,24.153658
5512,31.05301
5513,39.438313
5514,28.46144
5515,23.548527
5516,24.449148
5517,23.698936
5518,21.827179
5519,18.629036
5520,23.801497
5521,21.264921
5522,18.225456
5523,14.631918
5524,14.508113
5525,14.220133
5526,12.504746
5527,10.3218355
5528,8.29013
5529,3.4205325
5530,4.198407
5531,3.94492
5532,2.679128
5533,6.6511664
5534,13.354191
5535,23.868608
5536,37.452938
5537,46.53197
5538,33.95863
5539,24.607002
5540,28.27382
5541,28.999784
5542,21.366861
5543,19.790308
5544,25.534422
5545,21.183912
5546,19.415525
5547,18.266115
5548,14.759071
5549,14.642635
5550,12.194539
5551,11.340002
5552,8.178518
5553,3.94492
5554,3.94492
5555,3.94492
5556,3.5837917
5557,8.726696
5558,12.506749
5559,24.976713
5560,39.327213
5561,51.46426
5562,37.431976
5563,30.888905
5564,32.346924
5565,28.849487
5566,28.418493
5567,23.006222
5568,28.163761
5569,23.082727
5570,23.729967
5571,18.050783
5572,14.614177
5573,15.444655
5574,14.547363
5575,11.611622
5576,9.855798
5577,4.645134
5578,4.9244614
5579,3.94492
5580,3.94492
5581,6.9895263
5582,13.150573
5583,24.885677
5584,40.506145
5585,53.776363
5586,37.15946
5587,30.576372
5588,29.165031
5589,25.914879
5590,25.946692
5591,22.496792
5592,25.296686
5593,23.955534
5594,20.212091
5595,15.568292
5596,15.444636
5597,16.259426
5598,14.992931
5599,11.5140915
5600,7.960182
5601,4.8978863
5602,5.052981
5603,3.94492
5604,3.94492
5605,6.6398573
5606,12.078009
5607,24.534063
5608,39.489742
5609,46.75834
5610,33.773247
5611,30.365467
5612,26.660084
5613,25.356043
5614,23.695341
5615,19.677013
5616,26.815401
5617,25.248257
5618,19.8095
5619,18.954927
5620,18.509245
5621,18.56713
5622,16.044697
5623,13.174651
5624,13.702474
5625,7.966079
5626,5.275612
5627,3.94492
5628,3.94492
5629,8.72198
5630,13.707777
5631,15.609382
5632,21.423037
5633,26.942577
5634,27.872044
5635,26.64733
5636,25.445341
5637,21.027355
5638,22.7011
5639,20.222986
5640,17.647512
5641,20.542439
5642,21.200184
5643,17.096155
5644,13.792829
5645,18.0786
5646,16.447046
5647,14.681983
5648,12.724896
5649,9.092684
5650,6.752433
5651,5.1588283
5652,3.94492
5653,8.47801
5654,11.010591
5655,16.255186
5656,16.541342
5657,19.280424
5658,19.91629
5659,23.332346
5660,21.607088
5661,21.018518
5662,18.962547
5663,19.00916
5664,16.930872
5665,16.718727
5666,15.716275
5667,13.585449
5668,12.651592
5669,11.512058
5670,12.455448
5671,8.550818
5672,8.309075
5673,3.94492
5674,3.9750047
5675,3.94492
5676,3.94492
5677,8.4547615
5678,15.07462
5679,24.153658
5680,31.05301
5681,39.438313
5682,28.46144
5683,23.548527
5684,24.449148
5685,23.698936
5686,21.827179
5687,18.629036
5688,23.801497
5689,21.264921
5690,18.225456
5691,14.631918
5692,14.508113
5693,14.220133
5694,12.504746
5695,10.3218355
5696,8.29013
5697,3.4205325
5698,4.198407
5699,3.94492
5700,2.679128
5701,6.6511664
5702,13.354191
5703,23.868608
5704,37.452938
5705,46.53197
5706,33.95863
5707,24.607002
5708,28.27382
5709,28.999784
5710,21.366861
5711,19.790308
5712,25.534422
5713,21.183912
5714,19.415525
5715,18.266115
5716,14.759071
5717,14.642635
5718,12.194539
5719,11.340002
5720,8.178518
5721,3.94492
5722,3.94492
5723,3.94492
5724,3.5837917
5725,8.726696
5726,12.506749
5727,24.976713
5728,39.327213
5729,51.46426
5730,37.431976
5731,30.888905
5732,32.346924
5733,28.849487
5734,28.418493
5735,23.00622
5736,28.163761
5737,23.082727
5738,23.729967
5739,18.050783
5740,14.614177
5741,15.444655
5742,14.547363
5743,11.611622
5744,9.855798
5745,4.645134
5746,4.9244614
5747,3.94492
5748,3.94492
5749,6.9895263
5750,13.150573
5751,24.885677
5752,40.506145
5753,53.776363
5754,37.15946
5755,30.576372
5756,29.165031
5757,25.914879
5758,25.94669
5759,22.49679
5760,25.296686
5761,23.955534
5762,20.212091
5763,15.568292
5764,15.444636
5765,16.259426
5766,14.992931
5767,11.514091
5768,7.960182
5769,4.8978863
5770,5.052981
5771,3.94492
5772,3.94492
5773,6.6398573
5774,12.078009
5775,24.534063
5776,39.489742
5777,46.75834
5778,33.773247
5779,30.365467
5780,26.660084
5781,25.356043
5782,23.695341
5783,19.677013
5784,26.815401
5785,25.248257
5786,19.8095
5787,18.954927
5788,18.509245
5789,18.56713
5790,16.044697
5791,13.17465
5792,13.702474
5793,7.966079
5794,5.275612
5795,3.94492
5796,3.94492
5797,8.72198
5798,13.707779
5799,15.609382
5800,21.423037
5801,26.942577
5802,27.872044
5803,26.64733
5804,25.445341
5805,21.027355
5806,22.7011
5807,20.222986
5808,17.647512
5809,20.542439
5810,21.200184
5811,17.096155
5812,13.792829
5813,18.0786
5814,16.447046
5815,14.681983
5816,12.724896
5817,9.092684
5818,6.752433
5819,5.1588283
5820,3.94492
5821,8.47801
5822,11.0105915
5823,16.255188
5824,16.541342
5825,19.280424
5826,19.91629
5827,23.332346
5828,21.607088
5829,21.018518
5830,18.962547
5831,19.009161
5832,16.930872
5833,16.718727
5834,15.716275
5835,13.585449
5836,12.651592
5837,11.512058
5838,12.455448
5839,8.550818
5840,8.309075
5841,3.94492
5842,3.9750047
5843,3.94492
5844,3.94492
5845,8.4547615
5846,15.07462
5847,24.153658
5848,31.05301
5849,39.438313
5850,28.46144
5851,23.548527
5852,24.449148
5853,23.698936
5854,21.827175
5855,18.629036
5856,23.801497
5857,21.264921
5858,18.225456
5859,14.631918
5860,14.508113
5861,14.220133
5862,12.504746
5863,10.3218355
5864,8.29013
5865,3.4205325
5866,4.198407
5867,3.94492
5868,2.679128
5869,6.6511664
5870,13.354191
5871,23.868608
5872,37.452938
5873,46.53197
5874,33.95863
5875,24.607002
5876,28.27382
5877,28.999784
5878,21.366861
5879,19.790308
5880,25.534422
5881,21.183912
5882,19.415525
5883,18.266115
5884,14.759071
5885,14.642635
5886,12.194539
5887,11.340002
5888,8.178518
5889,3.94492
5890,3.94492
5891,3.94492
5892,3.5837917
5893,8.726696
5894,12.506749
5895,24.976713
5896,39.327213
5897,51.46426
5898,37.431976
5899,30.888905
5900,32.346924
5901,28.849487
5902,28.418493
5903,23.00622
5904,28.163761
5905,23.082727
5906,23.729967
5907,18.050783
5908,14.614177
5909,15.444655
5910,14.547363
5911,11.611622
5912,9.855798
5913,4.645134
5914,4.9244614
5915,3.94492
5916,3.94492
5917,6.9895263
5918,13.150573
5919,24.885675
5920,40.506145
5921,53.776363
5922,37.15946
5923,30.576372
5924,29.165031
5925,25.914879
5926,25.946692
5927,22.496792
5928,25.296686
5929,23.955534
5930,20.212091
5931,15.568292
5932,15.444636
5933,16.259426
5934,14.992931
5935,11.514091
5936,7.960182
5937,4.8978863
5938,5.052981
5939,3.94492
5940,3.94492
5941,6.6398573
5942,12.078009
5943,24.534063
5944,39.489742
5945,46.75834
5946,33.773247
5947,30.365467
5948,26.660084
5949,25.356043
5950,23.695341
5951,19.677013
5952,26.815401
5953,25.248257
5954,19.8095
5955,18.954927
5956,18.509245
5957,18.56713
5958,16.044697
5959,13.174651
5960,13.702474
5961,7.966079
5962,5.275612
5963,3.94492
5964,3.94492
5965,8.72198
5966,13.707779
5967,15.609382
5968,21.423037
5969,26.942577
5970,27.872044
5971,26.64733
5972,25.445341
5973,21.027355
5974,22.7011
5975,20.222986
5976,17.647512
5977,20.542439
5978,21.200184
5979,17.096155
5980,13.792829
5981,18.0786
5982,16.447048
5983,14.681982
5984,12.724896
5985,9.092684
5986,6.752433
5987,5.1588283
5988,3.94492
5989,8.47801
5990,11.010591
5991,16.255186
5992,16.541342
5993,19.280424
5994,19.91629
5995,23.332346
5996,21.607088
5997,21.018518
5998,18.962547
5999,19.009161
6000,16.930872
6001,16.718727
6002,15.716275
6003,13.585449
6004,12.651592
6005,11.512058
6006,12.455448
6007,8.550818
6008,8.309075
6009,3.94492
6010,3.9750047
6011,3.94492
6012,3.94492
6013,8.4547615
6014,15.07462
6015,24.153658
6016,31.05301
6017,39.438313
6018,28.46144
6019,23.548527
6020,24.449148
6021,23.698936
6022,21.827179
6023,18.629036
6024,23.801497
6025,21.264921
6026,18.225456
6027,14.631918
6028,14.508113
6029,14.220133
6030,12.504746
6031,10.3218355
6032,8.29013
6033,3.4205325
6034,4.198407
6035,3.94492
6036,2.679128
6037,6.6511664
6038,13.354191
6039,23.868608
6040,37.452938
6041,46.53197
6042,33.95863
6043,24.607002
6044,28.27382
6045,28.999784
6046,21.366861
6047,19.790308
